students_passed,num_teachers,total_students,Total_budget,dropout_rate,avg_class_size,school_distance,district_label
449,31,690,18475,12,58,4,Kicukiro
513,64,2529,5130,8,41,2,Kicukiro
993,17,547,6902,7,55,6,Kicukiro
597,29,2866,7367,21,48,4,Kicukiro
202,39,2157,14033,10,30,8,Kicukiro
772,20,857,19874,21,42,9,Kicukiro
235,71,889,17088,17,31,5,Kicukiro
351,31,2679,10432,22,30,8,Nyarugenge
890,98,1991,9394,8,46,7,Kicukiro
997,20,960,19565,29,59,9,Kicukiro
263,59,1284,9469,10,30,9,Kicukiro
254,36,1950,7112,10,38,2,Kicukiro
4,78,2065,12078,20,26,7,Kicukiro
298,68,570,6818,5,51,8,Kicukiro
353,20,2425,6679,29,28,9,Kicukiro
282,70,1659,18660,19,48,2,Kicukiro
767,94,972,14628,22,25,9,Kicukiro
801,97,2752,5631,23,28,8,Kicukiro
726,39,800,14028,11,45,7,Kicukiro
743,76,2207,12739,18,47,8,Kicukiro
662,35,2259,13656,21,37,2,Kicukiro
372,75,885,11805,11,23,4,Kicukiro
375,22,1988,11478,7,42,4,Kicukiro
894,20,513,12183,17,49,2,Kicukiro
626,21,2287,13633,19,32,9,Kicukiro
498,56,2946,18313,28,42,4,Kicukiro
245,72,1302,5513,19,43,5,Kicukiro
222,96,2810,7059,3,28,6,Kicukiro
558,41,2514,11189,3,49,8,Kicukiro
506,59,791,7972,29,49,3,Kicukiro
972,90,2331,19890,8,42,7,Kicukiro
210,20,1123,6617,23,38,4,Kicukiro
191,76,2213,10770,22,25,7,Kicukiro
542,61,2908,16885,20,26,5,Kicukiro
66,19,806,11486,21,53,9,Kicukiro
225,96,1482,13463,7,43,3,Kicukiro
573,12,2865,14412,2,21,6,Kicukiro
416,82,2403,14991,23,45,8,Kicukiro
790,26,1116,14966,2,24,6,Gasabo
30,92,1520,5597,16,23,9,Kicukiro
790,93,2551,5697,19,57,5,Kicukiro
978,27,747,10809,17,57,2,Kicukiro
603,86,989,19927,29,37,3,Kicukiro
743,26,1992,5532,26,31,9,Kicukiro
820,87,598,5678,21,49,4,Kicukiro
549,18,1863,16804,12,30,3,Nyarugenge
962,89,540,16648,12,57,8,Kicukiro
788,32,1669,17556,15,35,9,Kicukiro
138,53,900,15124,26,53,3,Kicukiro
144,11,1242,11043,10,20,4,Kicukiro
174,21,2447,10776,1,47,5,Kicukiro
108,57,2224,14138,21,23,1,Kicukiro
783,41,1499,17185,10,47,7,Kicukiro
756,27,1503,15932,27,56,4,Kicukiro
82,18,2549,11439,4,36,2,Kicukiro
36,48,1990,12888,0,58,2,Kicukiro
420,54,1625,10322,11,46,7,Kicukiro
628,74,1782,15381,1,30,3,Kicukiro
581,97,1761,17933,28,40,8,Kicukiro
599,48,1775,16647,28,46,9,Kicukiro
575,93,2406,14757,14,53,3,Kicukiro
525,78,855,17720,21,43,6,Kicukiro
455,63,2194,12700,24,36,3,Kicukiro
767,81,2292,17125,14,26,7,Kicukiro
786,72,2973,12498,1,29,6,Kicukiro
223,84,1973,5239,14,48,4,Kicukiro
419,15,745,13344,17,32,8,Kicukiro
704,22,1984,18658,4,21,8,Kicukiro
676,64,2404,18770,20,36,4,Kicukiro
233,46,2120,15149,9,49,6,Kicukiro
307,88,1250,14953,27,38,5,Kicukiro
896,87,1495,11632,26,49,2,Kicukiro
453,23,1966,8564,29,24,5,Kicukiro
335,27,1045,18542,1,33,9,Kicukiro
568,15,1246,11797,11,37,2,Kicukiro
399,90,993,8359,6,47,8,Kicukiro
344,82,1394,7293,0,56,4,Kicukiro
629,82,1888,5774,22,50,8,Kicukiro
56,52,2630,14162,0,48,1,Kicukiro
328,18,735,5394,23,54,7,Kicukiro
929,96,625,13954,5,36,1,Kicukiro
50,46,2157,15349,12,21,2,Kicukiro
939,10,2814,15653,26,28,7,Kicukiro
306,45,1560,13755,22,28,4,Kicukiro
115,29,2117,18989,6,29,5,Kicukiro
139,88,2601,10890,17,58,5,Kicukiro
896,33,1084,10066,16,45,1,Kicukiro
731,92,578,11352,13,42,3,Kicukiro
992,44,2666,6807,6,21,4,Kicukiro
956,62,1481,16397,4,44,5,Kicukiro
153,59,621,15659,1,22,3,Kicukiro
169,98,2759,6474,13,41,9,Kicukiro
623,85,2158,17900,22,22,2,Kicukiro
401,36,2733,14611,15,51,8,Kicukiro
374,99,2024,5027,22,31,7,Kicukiro
72,31,1800,16293,21,37,1,Kicukiro
189,28,831,10293,23,51,9,Kicukiro
29,72,2397,9306,16,53,7,Kicukiro
800,67,2872,13562,13,35,6,Kicukiro
432,16,2466,10036,8,58,3,Kicukiro
297,75,1369,19518,5,22,6,Kicukiro
676,56,1615,7691,21,38,8,Kicukiro
272,30,1675,6571,18,31,3,Kicukiro
644,39,2740,14306,2,33,9,Kicukiro
437,94,689,15367,9,20,2,Kicukiro
398,59,1395,8588,6,45,4,Kicukiro
476,17,1988,19614,21,21,8,Kicukiro
801,52,1664,13920,13,46,5,Kicukiro
209,32,2692,12225,14,22,7,Kicukiro
263,70,501,12726,13,57,7,Kicukiro
650,61,2586,16867,4,29,1,Gasabo
432,49,1413,19978,26,23,1,Kicukiro
591,71,1790,8526,6,35,6,Kicukiro
558,88,696,9085,18,32,8,Kicukiro
657,49,779,5235,11,22,2,Kicukiro
66,19,1871,16517,27,31,1,Kicukiro
838,57,1070,15435,14,34,1,Kicukiro
475,65,1579,12704,13,23,9,Kicukiro
288,20,951,15720,13,20,7,Kicukiro
777,89,2513,19971,5,47,5,Kicukiro
140,14,2021,17714,12,30,1,Kicukiro
134,44,1793,12402,18,32,9,Kicukiro
545,22,1044,15330,19,57,4,Kicukiro
254,78,827,11893,20,44,2,Kicukiro
722,74,2225,16039,16,29,6,Kicukiro
549,21,2482,16081,28,31,7,Kicukiro
386,60,541,17635,9,41,9,Kicukiro
935,32,2354,13031,10,57,6,Kicukiro
276,18,1718,11248,28,20,2,Kicukiro
28,84,2480,7313,25,40,3,Kicukiro
151,53,1770,7874,19,36,4,Kicukiro
293,44,648,15909,7,47,8,Kicukiro
265,69,2106,8914,20,29,5,Kicukiro
444,31,2436,14137,20,29,4,Kicukiro
652,35,2885,11032,28,27,3,Kicukiro
94,71,2487,6318,10,41,5,Kicukiro
862,94,709,8204,2,27,7,Kicukiro
24,21,548,6501,7,44,8,Kicukiro
215,83,897,14010,6,41,9,Kicukiro
109,22,1016,13964,10,57,2,Kicukiro
859,27,2616,11014,17,29,3,Kicukiro
519,19,2491,13175,12,20,8,Kicukiro
163,87,2604,17777,17,39,1,Kicukiro
705,11,2286,11606,24,47,3,Kicukiro
382,19,2229,13597,18,50,2,Kicukiro
20,81,504,17081,19,45,4,Kicukiro
526,23,2690,12421,26,52,8,Kicukiro
413,95,1470,6047,7,50,1,Kicukiro
162,27,2407,12680,2,51,7,Kicukiro
462,35,1599,14602,20,25,1,Kicukiro
987,99,919,5669,27,56,5,Kicukiro
895,62,2260,8318,15,42,2,Kicukiro
644,22,2528,19563,14,55,2,Kicukiro
515,65,2061,19632,7,37,4,Kicukiro
154,33,541,10023,6,47,7,Kicukiro
99,46,1898,6847,4,58,8,Kicukiro
258,39,1469,14381,14,25,4,Kicukiro
555,64,2477,12072,15,29,6,Kicukiro
848,44,1228,10922,18,55,2,Kicukiro
341,83,2780,18838,29,24,3,Kicukiro
422,99,981,18283,29,25,7,Gasabo
417,58,893,10877,6,22,8,Kicukiro
309,85,577,18803,25,31,1,Kicukiro
557,61,1017,6820,23,48,6,Kicukiro
405,24,1462,18655,16,29,5,Kicukiro
484,48,900,9349,7,37,6,Kicukiro
814,60,1926,14719,1,41,7,Nyarugenge
980,76,2075,7396,9,31,1,Kicukiro
669,69,2505,19439,29,36,5,Gasabo
235,22,2752,13749,13,42,9,Kicukiro
975,70,1848,17482,20,25,9,Kicukiro
440,10,1054,9973,3,59,4,Kicukiro
894,17,1073,17767,4,50,6,Kicukiro
300,14,2211,11854,27,29,6,Kicukiro
702,57,2314,11894,2,47,1,Kicukiro
444,88,2378,11807,14,45,2,Kicukiro
891,20,2080,16361,4,43,2,Kicukiro
233,32,1456,18705,3,51,2,Kicukiro
609,88,1263,9567,6,28,2,Kicukiro
602,24,1023,19477,27,36,3,Gasabo
532,43,2213,17478,0,48,4,Kicukiro
538,61,2931,7033,27,35,2,Kicukiro
877,65,2420,8529,8,48,6,Kicukiro
362,91,1898,7359,20,52,3,Kicukiro
10,49,1692,15472,21,46,9,Kicukiro
946,52,2248,19191,8,28,2,Kicukiro
179,45,569,18299,21,50,4,Kicukiro
402,71,1471,5665,23,30,2,Kicukiro
368,91,1279,12087,21,59,8,Kicukiro
193,39,721,19009,13,48,5,Kicukiro
989,90,2133,6154,11,50,9,Kicukiro
353,69,1728,7666,13,33,2,Kicukiro
730,48,1105,17513,14,31,4,Kicukiro
497,99,779,19997,9,44,5,Kicukiro
982,30,2539,18563,24,34,7,Kicukiro
971,69,2633,12764,15,32,2,Kicukiro
165,51,2832,19892,20,25,3,Kicukiro
162,30,2097,8098,16,20,9,Kicukiro
483,70,2369,9965,8,38,4,Kicukiro
777,79,910,8864,27,23,8,Kicukiro
491,38,2538,13696,21,53,8,Kicukiro
111,30,663,7547,16,55,7,Kicukiro
15,59,1484,5765,26,36,4,Kicukiro
366,36,1520,8525,22,57,3,Kicukiro
504,18,1006,10068,24,55,2,Kicukiro
295,37,777,19640,2,32,2,Kicukiro
334,69,880,17282,16,43,4,Kicukiro
362,73,2510,11718,23,30,4,Kicukiro
579,15,769,8286,18,48,1,Kicukiro
220,90,1699,14930,24,32,5,Kicukiro
567,83,1357,13189,5,20,8,Kicukiro
369,90,1903,17616,1,52,6,Kicukiro
651,21,754,19014,3,54,1,Kicukiro
583,37,2763,17205,19,43,1,Kicukiro
826,20,2525,18596,28,59,8,Kicukiro
87,83,1907,15667,6,39,9,Kicukiro
275,58,2701,18381,20,59,3,Kicukiro
800,21,2064,9157,13,32,2,Kicukiro
941,80,2444,5855,22,44,4,Kicukiro
946,58,842,5417,3,38,5,Kicukiro
411,43,1845,9785,23,23,8,Kicukiro
914,34,2162,17804,11,41,7,Kicukiro
332,26,2783,11624,20,46,7,Kicukiro
857,11,2138,15931,9,57,5,Kicukiro
543,69,2023,5261,22,49,6,Gasabo
400,14,1761,12500,29,52,7,Kicukiro
969,59,1523,6616,16,42,6,Kicukiro
809,37,2456,14468,8,28,8,Kicukiro
391,53,1258,19041,26,42,9,Kicukiro
378,14,1353,13890,13,41,1,Kicukiro
377,45,1435,5512,14,37,4,Kicukiro
349,56,2665,7970,16,51,3,Gasabo
396,21,1549,15004,16,48,4,Kicukiro
468,35,1701,5374,20,33,4,Kicukiro
651,99,2275,6780,23,56,6,Kicukiro
975,80,2106,17802,0,21,9,Kicukiro
379,34,1489,14558,28,59,7,Kicukiro
843,39,511,7716,18,47,5,Kicukiro
910,64,2905,18152,6,42,8,Kicukiro
858,99,2532,6169,24,52,6,Kicukiro
691,87,792,8386,29,39,4,Kicukiro
112,22,2578,16634,6,32,1,Kicukiro
973,87,830,5333,13,27,9,Kicukiro
863,19,1305,19249,6,28,7,Kicukiro
7,49,1870,17854,7,28,9,Kicukiro
306,23,1557,7224,27,28,7,Kicukiro
138,37,554,19365,5,23,9,Kicukiro
208,68,991,19153,4,32,8,Kicukiro
103,43,860,6555,11,44,3,Kicukiro
413,66,2845,8940,11,22,3,Kicukiro
951,95,2513,13139,7,32,8,Kicukiro
655,17,2717,8942,10,29,9,Kicukiro
821,86,987,8187,24,51,4,Kicukiro
616,64,601,9302,7,52,9,Nyarugenge
316,44,2872,17284,14,39,3,Kicukiro
718,37,780,9174,19,26,6,Kicukiro
185,43,531,17968,2,27,8,Kicukiro
900,52,815,11230,4,52,5,Kicukiro
289,65,2719,6363,5,47,3,Kicukiro
946,71,2028,7158,11,26,8,Kicukiro
923,80,2756,8499,1,48,6,Kicukiro
100,83,2636,13654,11,43,5,Gasabo
989,10,756,19734,28,27,2,Kicukiro
209,98,2463,18162,6,24,2,Kicukiro
960,91,2294,12494,25,27,7,Kicukiro
333,55,564,6218,3,50,5,Kicukiro
686,86,2097,19650,13,44,6,Kicukiro
483,82,712,17159,19,23,9,Gasabo
161,77,1095,15283,5,35,8,Kicukiro
333,63,1078,14995,2,47,2,Kicukiro
622,44,2604,5145,28,45,6,Kicukiro
512,34,2424,8615,3,59,6,Kicukiro
618,29,2561,11510,15,33,7,Kicukiro
637,41,2475,6719,21,55,2,Kicukiro
18,54,904,5904,20,33,1,Kicukiro
592,51,1250,7978,3,20,4,Kicukiro
563,84,1957,15009,10,23,8,Kicukiro
702,94,1897,8854,14,38,3,Kicukiro
656,89,1372,15696,1,29,9,Kicukiro
965,61,515,6883,16,51,5,Kicukiro
738,38,963,19039,18,38,7,Kicukiro
533,36,2316,10359,16,51,2,Kicukiro
450,87,1427,11240,3,58,5,Kicukiro
41,43,1942,19758,4,43,8,Kicukiro
531,58,2209,7411,23,47,6,Kicukiro
619,60,1112,18358,5,38,9,Kicukiro
420,21,1841,8926,4,50,2,Kicukiro
724,36,1218,8542,25,54,3,Nyarugenge
592,83,2344,15790,27,47,4,Kicukiro
832,64,1708,10157,28,42,4,Kicukiro
259,41,1069,11246,18,25,8,Kicukiro
236,92,2468,12367,9,53,9,Kicukiro
594,65,1955,13565,0,39,7,Gasabo
499,59,2943,9735,5,48,2,Kicukiro
106,49,1765,10816,22,33,1,Kicukiro
386,44,2979,10915,20,38,9,Kicukiro
303,53,1835,8951,7,36,1,Kicukiro
906,94,1240,8942,2,51,2,Kicukiro
646,84,1615,7625,10,29,7,Kicukiro
503,60,752,14511,2,55,9,Kicukiro
595,12,2657,5887,14,37,5,Kicukiro
912,42,2130,15255,8,59,5,Kicukiro
906,99,1032,16836,2,30,7,Kicukiro
185,11,2776,12636,9,57,3,Kicukiro
878,63,1813,5265,17,44,9,Kicukiro
535,73,771,13683,7,26,4,Kicukiro
243,87,912,19636,0,46,6,Kicukiro
240,93,2337,8086,14,34,3,Kicukiro
236,91,1889,18338,23,31,5,Kicukiro
722,80,2615,16934,11,35,4,Kicukiro
122,79,1735,16027,18,29,3,Kicukiro
278,80,897,17750,9,36,4,Kicukiro
462,79,1064,6769,27,26,1,Kicukiro
436,61,628,6794,17,33,7,Kicukiro
107,25,1224,9561,22,26,2,Kicukiro
333,37,709,11073,28,50,9,Kicukiro
902,21,1021,7195,6,39,2,Kicukiro
93,94,2822,9403,9,42,7,Kicukiro
539,86,999,17575,5,54,7,Kicukiro
31,41,2123,12206,21,40,3,Kicukiro
328,77,1046,5131,13,54,1,Kicukiro
477,79,1405,5177,8,43,4,Kicukiro
432,61,2505,8988,5,28,9,Kicukiro
493,40,1739,14444,3,41,1,Kicukiro
225,80,2547,7566,8,39,5,Kicukiro
66,45,2228,6921,12,50,6,Kicukiro
721,68,2754,9030,4,25,7,Kicukiro
990,49,1224,7206,2,51,5,Kicukiro
447,58,2227,5360,16,28,9,Kicukiro
511,74,2265,9158,3,31,2,Kicukiro
899,46,649,7214,11,29,8,Kicukiro
513,87,1843,7018,10,28,7,Kicukiro
715,21,865,5377,3,45,2,Kicukiro
331,18,2774,12053,0,37,9,Kicukiro
810,79,2156,6430,22,55,4,Kicukiro
273,89,1307,10715,25,23,9,Kicukiro
307,27,2591,5962,25,42,2,Kicukiro
34,21,516,16536,18,22,1,Kicukiro
615,75,2492,6222,0,56,8,Kicukiro
303,50,1592,13851,7,38,1,Kicukiro
803,44,2760,11345,12,37,1,Kicukiro
968,73,1674,19948,18,31,6,Kicukiro
293,52,1817,16670,17,37,5,Kicukiro
413,25,1563,9315,2,21,1,Kicukiro
523,17,2239,9313,2,35,7,Kicukiro
399,73,1886,9329,1,31,4,Kicukiro
607,68,1329,11459,16,36,3,Kicukiro
849,32,938,18902,17,46,4,Kicukiro
274,91,2974,9100,5,52,7,Kicukiro
327,35,1192,6658,28,34,2,Kicukiro
253,33,2652,11328,21,22,4,Kicukiro
592,53,1857,6893,20,35,1,Kicukiro
871,58,2538,18752,8,52,8,Kicukiro
610,16,2906,11492,25,47,2,Kicukiro
466,89,547,17713,15,33,7,Kicukiro
469,61,1401,12958,14,59,1,Kicukiro
886,38,689,11540,27,54,6,Kicukiro
461,14,965,5649,2,46,6,Kicukiro
718,31,2154,6449,14,43,3,Kicukiro
3,89,1288,7423,16,34,1,Kicukiro
522,69,1996,17602,14,29,1,Kicukiro
652,56,2417,18568,16,27,5,Kicukiro
635,17,1415,7718,1,45,6,Kicukiro
779,66,1469,16011,19,41,5,Kicukiro
897,63,818,5326,23,41,7,Kicukiro
598,79,695,19571,24,28,1,Kicukiro
644,34,1942,12655,1,48,3,Kicukiro
298,75,1768,11479,13,55,4,Gasabo
835,85,2235,19478,5,36,8,Kicukiro
808,52,1023,7932,23,47,6,Kicukiro
646,51,1367,18856,22,50,6,Kicukiro
499,52,1107,16060,22,46,7,Kicukiro
524,50,1444,18676,29,55,3,Kicukiro
260,63,2367,12041,3,20,1,Kicukiro
427,21,1996,19232,28,54,5,Kicukiro
912,19,2723,18252,26,51,8,Kicukiro
714,48,2379,6108,5,41,2,Kicukiro
41,90,2822,5452,15,40,3,Kicukiro
662,29,914,12686,12,40,1,Kicukiro
714,67,1940,9168,26,56,9,Kicukiro
981,53,2568,17967,1,55,1,Kicukiro
911,76,1323,19449,22,43,2,Kicukiro
948,23,1745,18742,13,20,6,Kicukiro
876,30,1442,10206,13,36,4,Kicukiro
736,43,1484,16092,20,26,9,Kicukiro
824,47,542,13512,13,32,1,Kicukiro
330,72,1294,6979,24,45,2,Kicukiro
51,34,2577,6272,28,53,2,Kicukiro
346,45,790,12180,20,40,4,Kicukiro
516,27,563,9976,15,27,7,Kicukiro
593,25,2887,13423,17,31,6,Kicukiro
694,61,2482,11401,2,25,3,Kicukiro
922,48,2031,9336,21,36,4,Kicukiro
499,60,1845,17269,7,53,3,Kicukiro
399,37,550,12504,21,44,8,Kicukiro
644,23,2664,6847,18,53,7,Kicukiro
986,81,2911,13035,26,37,2,Kicukiro
682,31,1392,15727,26,59,1,Kicukiro
378,86,1800,14741,9,31,8,Kicukiro
80,91,2996,12777,24,46,1,Kicukiro
788,88,1267,18541,23,42,1,Kicukiro
680,78,1188,17581,17,31,3,Kicukiro
48,31,2120,16897,5,41,5,Kicukiro
601,36,1990,18184,6,42,6,Kicukiro
375,64,1745,12988,10,45,9,Kicukiro
137,14,841,17250,2,33,2,Kicukiro
85,48,1402,15893,17,47,5,Kicukiro
241,87,1798,14601,28,59,2,Kicukiro
750,62,1956,16447,26,25,1,Kicukiro
262,59,1822,6762,23,36,1,Kicukiro
57,65,2206,13706,18,39,9,Kicukiro
970,63,1922,12793,16,58,2,Kicukiro
100,84,2604,6081,14,23,3,Kicukiro
476,28,881,16468,17,31,3,Kicukiro
427,75,566,6874,10,56,2,Kicukiro
597,43,2302,14356,23,39,2,Kicukiro
762,93,1654,9071,4,26,4,Kicukiro
96,85,2419,5914,25,36,5,Kicukiro
404,90,2265,13024,14,37,6,Kicukiro
704,20,2733,10367,12,27,7,Kicukiro
683,98,1086,14482,7,34,3,Kicukiro
798,59,2150,14651,13,32,2,Kicukiro
836,41,1784,10338,7,28,7,Kicukiro
737,35,2702,7993,27,23,2,Kicukiro
812,38,2521,9159,16,58,1,Kicukiro
289,96,2836,12343,29,47,7,Kicukiro
664,79,1464,16530,27,20,5,Kicukiro
447,76,500,8425,15,44,2,Kicukiro
633,14,1850,19607,11,38,4,Kicukiro
337,46,614,5387,3,25,6,Gasabo
329,43,2018,14358,7,21,7,Kicukiro
914,56,1666,6507,21,58,5,Kicukiro
801,22,1900,19040,12,46,1,Kicukiro
301,17,2316,14783,10,22,3,Kicukiro
448,78,2498,5202,11,57,3,Kicukiro
602,20,2304,8578,23,44,7,Kicukiro
185,22,799,5282,17,24,5,Kicukiro
612,65,1896,15213,0,46,3,Kicukiro
104,48,2223,11984,2,23,5,Kicukiro
257,74,1865,17175,0,45,9,Kicukiro
884,83,1761,8015,2,29,2,Kicukiro
261,22,2392,7065,16,28,2,Kicukiro
710,16,2045,6573,29,32,2,Kicukiro
240,62,2476,8984,14,22,6,Kicukiro
869,14,1882,16150,28,55,4,Kicukiro
642,51,1046,10801,26,23,6,Kicukiro
593,98,2426,12299,18,41,7,Kicukiro
5,65,2978,13725,29,47,4,Kicukiro
51,39,890,7233,5,47,4,Kicukiro
679,43,2145,15121,16,26,4,Kicukiro
524,13,1137,5157,11,34,6,Kicukiro
325,72,1526,5024,12,36,6,Kicukiro
703,48,2022,13022,1,52,7,Kicukiro
523,45,656,19250,6,57,7,Kicukiro
892,93,1175,7249,15,52,8,Kicukiro
878,14,2139,15535,27,23,2,Kicukiro
505,72,875,16761,12,48,7,Kicukiro
104,44,2118,13999,16,51,4,Kicukiro
886,69,2007,12559,18,30,7,Kicukiro
452,20,725,6872,18,28,9,Kicukiro
37,60,793,12249,4,26,7,Kicukiro
682,15,2549,15477,17,45,8,Kicukiro
204,30,2982,10216,20,49,5,Kicukiro
123,68,2929,17671,4,21,7,Kicukiro
322,86,1214,10146,5,28,2,Kicukiro
326,76,2404,7185,19,35,6,Kicukiro
508,52,1764,7764,10,42,5,Kicukiro
831,23,1073,16408,12,57,7,Kicukiro
614,80,1063,18504,26,27,1,Kicukiro
381,83,2202,5997,7,29,8,Nyarugenge
43,57,1406,11623,8,22,4,Kicukiro
801,35,2468,11017,10,55,8,Kicukiro
243,96,1868,14275,17,45,7,Kicukiro
156,90,1204,14684,17,43,5,Kicukiro
579,92,2769,14806,28,51,9,Kicukiro
591,31,2639,13965,19,55,2,Kicukiro
377,93,2011,18263,1,40,2,Kicukiro
756,92,2617,18416,22,20,8,Kicukiro
179,93,1132,19853,10,32,1,Kicukiro
915,14,1808,15492,0,22,5,Kicukiro
331,16,1801,12165,26,23,8,Kicukiro
600,55,2464,16288,29,55,8,Kicukiro
856,13,1557,9515,22,35,4,Kicukiro
92,75,1054,17565,16,49,5,Kicukiro
453,99,2289,16949,29,55,3,Kicukiro
310,92,2540,13888,12,37,8,Kicukiro
527,33,2620,13561,8,22,4,Kicukiro
557,57,1618,7651,25,32,7,Kicukiro
362,13,1063,5937,5,34,5,Kicukiro
927,26,1304,18164,5,34,2,Kicukiro
149,77,1001,6347,25,45,9,Kicukiro
987,75,2453,8418,19,57,2,Kicukiro
592,26,2746,18983,8,44,9,Kicukiro
649,72,1871,15379,28,27,4,Kicukiro
785,79,2026,11886,2,47,1,Kicukiro
169,26,1008,7975,29,44,2,Kicukiro
106,45,2551,8631,26,23,8,Kicukiro
467,55,2745,5462,14,40,3,Kicukiro
506,27,611,13643,16,34,2,Kicukiro
655,15,902,8491,21,40,8,Kicukiro
553,56,1240,14111,7,21,6,Kicukiro
536,34,2140,18943,23,40,5,Kicukiro
310,57,2046,11444,19,20,6,Kicukiro
109,51,2178,11092,7,40,3,Nyarugenge
396,34,717,10565,24,33,4,Kicukiro
18,38,1354,11077,9,23,4,Kicukiro
677,99,1202,16738,20,55,1,Kicukiro
854,26,1053,14185,9,51,7,Kicukiro
745,18,753,9278,2,46,1,Kicukiro
255,47,1405,7773,9,21,1,Gasabo
728,95,1227,15323,9,54,2,Kicukiro
71,57,785,10795,26,57,5,Kicukiro
401,19,1081,12587,26,49,8,Kicukiro
360,84,804,9067,12,45,4,Kicukiro
57,74,1515,19868,14,36,7,Kicukiro
785,22,738,9352,14,54,3,Kicukiro
650,61,2603,16047,6,46,8,Kicukiro
972,61,2039,16266,9,28,1,Kicukiro
177,64,829,10475,5,50,3,Kicukiro
907,76,2319,19560,2,30,1,Kicukiro
79,83,1294,19592,12,24,3,Kicukiro
291,49,2776,17217,9,21,3,Kicukiro
87,95,2891,17675,21,26,3,Kicukiro
95,55,2070,17845,9,52,3,Kicukiro
632,53,2326,8751,17,46,5,Kicukiro
672,73,1426,11505,2,29,5,Kicukiro
9,81,1416,13919,11,46,4,Kicukiro
488,67,976,14334,29,59,8,Kicukiro
901,14,781,17377,6,40,7,Kicukiro
713,69,1628,6144,10,28,1,Kicukiro
518,99,1275,6310,28,50,8,Kicukiro
248,95,2857,15568,22,47,8,Kicukiro
704,66,1759,9368,9,36,7,Kicukiro
978,42,1987,17324,9,23,2,Kicukiro
827,32,1540,8328,21,58,2,Kicukiro
69,54,710,12657,9,49,8,Kicukiro
243,16,1137,10496,20,34,6,Kicukiro
448,11,2527,9056,11,40,7,Kicukiro
127,65,2710,12060,4,41,3,Kicukiro
742,40,1056,17402,26,54,5,Kicukiro
918,85,1235,7954,19,51,7,Kicukiro
861,19,2593,10625,29,40,3,Gasabo
139,48,888,10819,19,59,3,Kicukiro
131,95,1439,12043,18,44,5,Kicukiro
383,67,1847,6491,11,23,8,Kicukiro
830,80,2903,16092,1,29,4,Kicukiro
856,81,537,9579,14,35,2,Kicukiro
417,68,626,6430,25,51,8,Kicukiro
133,71,1869,6928,18,55,5,Kicukiro
510,60,551,16926,17,25,1,Kicukiro
649,11,2240,13172,25,31,8,Kicukiro
756,22,2115,5152,16,31,3,Kicukiro
135,13,2263,8642,23,20,6,Kicukiro
432,69,673,9060,9,23,2,Kicukiro
751,40,2783,19570,9,58,4,Kicukiro
73,76,1523,12974,24,45,2,Kicukiro
772,70,2686,16841,7,31,8,Kicukiro
260,46,2521,11845,19,34,6,Kicukiro
408,98,2723,18794,6,57,4,Kicukiro
920,91,2412,9431,25,50,9,Kicukiro
179,36,1779,10321,0,42,1,Kicukiro
312,47,1302,11840,29,43,2,Kicukiro
709,38,695,17990,2,54,6,Gasabo
339,64,2512,13881,4,41,9,Kicukiro
872,76,2878,13915,15,38,3,Kicukiro
430,70,2780,17544,1,57,1,Kicukiro
855,79,2134,7738,23,48,6,Kicukiro
692,91,942,6930,1,43,2,Kicukiro
652,78,1077,8159,0,23,7,Kicukiro
980,73,2456,7327,8,39,5,Kicukiro
640,37,1334,14074,20,20,5,Kicukiro
493,87,2624,5627,9,38,1,Kicukiro
306,23,2028,12410,14,31,9,Kicukiro
698,66,1488,19273,22,52,3,Kicukiro
709,43,1468,17716,15,55,5,Kicukiro
603,96,554,14007,24,26,7,Kicukiro
697,59,1471,12933,4,22,1,Kicukiro
501,11,974,7551,2,41,8,Kicukiro
756,49,2480,19579,21,42,2,Kicukiro
338,17,2950,8030,26,23,2,Kicukiro
340,15,933,19790,27,47,3,Kicukiro
446,21,519,8256,15,57,8,Kicukiro
150,90,1180,19994,16,48,6,Kicukiro
625,63,2672,13032,9,27,7,Kicukiro
319,70,1820,15559,13,57,5,Kicukiro
281,40,1886,19851,1,47,7,Kicukiro
849,65,2884,10078,20,38,6,Kicukiro
641,86,2053,14688,9,30,6,Kicukiro
693,78,631,14123,6,27,2,Kicukiro
181,50,912,14852,21,54,1,Kicukiro
240,84,2464,14294,24,21,2,Kicukiro
383,94,645,18604,21,35,6,Nyarugenge
916,57,2469,19914,17,23,5,Kicukiro
181,22,1529,17918,12,20,7,Kicukiro
979,87,1727,19607,15,40,8,Kicukiro
746,55,1840,17069,25,46,6,Kicukiro
434,98,689,5649,28,56,5,Kicukiro
486,48,634,17217,5,50,9,Kicukiro
294,23,1476,11194,5,20,1,Kicukiro
859,73,2095,8690,29,28,3,Kicukiro
194,92,1209,12957,14,28,3,Gasabo
374,49,1213,11260,5,45,8,Gasabo
193,16,1309,19088,20,47,7,Gasabo
774,86,1246,7724,0,51,2,Gasabo
510,13,2598,6490,1,25,9,Gasabo
792,85,1290,8184,25,32,1,Gasabo
82,66,2908,19233,10,30,5,Gasabo
387,18,2736,13333,21,48,1,Gasabo
195,58,1771,11143,5,30,5,Gasabo
792,54,2621,6623,23,32,3,Gasabo
729,99,1964,17702,4,27,2,Gasabo
572,86,2153,12363,24,58,4,Gasabo
62,82,1444,17936,10,55,4,Gasabo
784,97,2470,6260,22,21,5,Gasabo
606,97,731,8259,22,47,6,Gasabo
273,45,670,17456,26,57,1,Gasabo
719,52,864,9519,18,52,5,Gasabo
238,74,2318,18947,22,38,2,Gasabo
437,97,2074,17437,15,20,6,Gasabo
306,35,1449,10898,6,57,2,Gasabo
232,92,660,18871,24,37,6,Gasabo
11,65,1533,13726,6,41,3,Gasabo
843,52,1758,15422,22,25,7,Gasabo
481,30,1768,8041,17,44,6,Gasabo
83,12,1354,19717,27,39,2,Gasabo
977,15,2329,8319,29,59,9,Gasabo
320,49,1262,12751,15,57,4,Gasabo
850,10,666,17178,14,25,7,Gasabo
675,82,1381,13849,27,39,2,Gasabo
470,57,1717,5757,12,29,1,Gasabo
304,22,1140,19543,0,59,6,Gasabo
404,58,1786,8300,16,26,4,Gasabo
955,56,1225,6038,18,36,2,Gasabo
614,85,2845,17516,18,36,5,Kicukiro
4,88,2965,12379,11,36,1,Gasabo
389,81,1379,12153,13,44,4,Gasabo
511,53,2011,18201,24,35,1,Gasabo
634,19,1921,15135,24,32,2,Gasabo
463,57,1953,12433,14,27,4,Gasabo
828,25,904,17596,26,28,9,Gasabo
804,60,2534,5187,11,30,6,Gasabo
479,64,2664,16794,23,57,2,Gasabo
58,31,876,6719,6,46,3,Gasabo
219,58,2640,10627,28,42,1,Gasabo
928,24,625,9684,22,46,5,Gasabo
101,61,1763,17239,27,31,5,Gasabo
917,12,1167,15350,6,52,8,Gasabo
362,98,2589,12089,19,35,3,Gasabo
794,52,540,11292,14,26,8,Gasabo
92,98,2550,13261,17,47,3,Gasabo
258,37,613,19886,2,53,6,Gasabo
566,87,2257,9450,4,45,6,Gasabo
512,88,2327,15540,9,48,1,Gasabo
772,76,2303,15199,29,37,9,Gasabo
661,66,2907,11393,25,37,2,Gasabo
442,52,2522,12653,14,22,2,Gasabo
912,39,2933,14612,14,36,6,Gasabo
257,21,1230,19039,15,45,3,Nyarugenge
489,70,1315,6934,2,55,4,Gasabo
560,22,2433,13714,18,34,7,Gasabo
425,87,2986,19177,29,53,3,Kicukiro
335,66,1532,8893,3,32,2,Gasabo
609,52,1407,12056,17,44,4,Gasabo
740,42,2040,13469,19,22,8,Gasabo
992,27,1756,7867,0,39,8,Gasabo
540,92,1708,12637,10,40,3,Gasabo
557,45,659,19910,1,46,8,Gasabo
449,91,2690,15956,9,43,8,Gasabo
701,20,1151,15929,22,49,5,Gasabo
109,99,2527,17596,6,56,4,Gasabo
872,56,1791,15599,0,26,3,Gasabo
75,34,616,6450,16,36,1,Gasabo
71,69,1610,13348,16,30,9,Gasabo
464,21,859,7978,11,35,9,Gasabo
254,31,1736,5494,5,37,3,Gasabo
77,14,729,13596,9,40,5,Gasabo
754,29,1727,16292,27,45,5,Gasabo
668,66,1149,7882,18,56,8,Gasabo
359,91,1771,9585,26,44,5,Gasabo
206,29,2997,17881,22,29,8,Gasabo
311,61,594,6332,28,56,4,Gasabo
408,73,1979,9130,26,50,9,Gasabo
670,70,2557,10357,18,41,7,Gasabo
787,52,1253,5182,10,43,2,Gasabo
2,63,1453,14920,16,29,1,Gasabo
786,27,1180,15981,20,24,7,Gasabo
419,78,2643,19052,26,37,5,Gasabo
951,66,1947,11555,19,42,1,Gasabo
748,92,2569,7306,18,58,3,Gasabo
125,90,1932,8355,14,41,6,Gasabo
999,64,2015,17722,26,51,7,Gasabo
825,50,2801,5430,29,31,3,Gasabo
90,39,1050,15243,8,52,9,Gasabo
591,86,1075,10911,13,38,9,Gasabo
602,21,1432,13439,20,28,4,Gasabo
127,37,1085,19892,20,49,1,Gasabo
324,84,1065,10789,26,56,6,Gasabo
498,72,936,16944,12,21,4,Gasabo
653,74,790,18822,26,54,3,Gasabo
383,13,2233,11077,2,22,8,Kicukiro
987,96,1716,17073,5,40,5,Gasabo
849,73,551,19607,18,44,6,Gasabo
378,62,551,7019,22,27,7,Gasabo
615,88,1908,19024,5,28,8,Gasabo
748,50,1613,11414,3,39,6,Gasabo
581,76,1661,16222,18,45,9,Gasabo
891,99,2538,18219,29,44,9,Gasabo
701,68,2060,11875,26,43,3,Gasabo
244,13,1999,5277,2,29,9,Gasabo
498,27,1790,11260,14,36,8,Gasabo
973,24,1968,13268,16,41,3,Gasabo
363,75,1198,14102,14,50,8,Gasabo
62,87,1665,7872,18,55,8,Gasabo
787,99,610,18352,29,55,1,Gasabo
737,44,2392,17516,11,55,9,Gasabo
769,27,1328,12937,11,41,2,Gasabo
593,41,1617,11010,18,24,3,Gasabo
211,12,533,6141,12,49,5,Gasabo
858,88,1522,10637,25,56,2,Gasabo
207,88,2609,18791,23,44,2,Gasabo
267,96,1729,15862,21,56,6,Gasabo
502,78,1106,15494,27,36,7,Gasabo
842,49,1343,17716,23,47,9,Gasabo
361,33,2481,10816,18,44,6,Gasabo
462,34,2618,14300,10,50,4,Gasabo
104,50,1139,15817,15,32,5,Gasabo
264,26,2676,13966,24,44,7,Gasabo
757,44,2090,18264,16,47,3,Gasabo
139,28,2720,13740,6,55,8,Gasabo
175,10,795,5791,7,31,4,Kicukiro
997,26,1629,8862,9,34,8,Gasabo
101,47,2509,5880,15,24,2,Gasabo
229,41,2066,10059,25,20,3,Gasabo
224,13,734,18932,13,38,1,Gasabo
706,59,1331,19221,29,53,9,Gasabo
817,49,915,17847,24,33,3,Gasabo
577,21,682,12585,24,41,9,Gasabo
9,37,1025,18157,1,44,4,Gasabo
961,36,933,7298,28,38,1,Gasabo
986,39,2250,16430,5,53,5,Gasabo
38,20,753,7431,15,29,7,Gasabo
283,69,606,6679,4,47,6,Gasabo
931,43,2632,14467,16,57,9,Gasabo
508,96,2751,15994,25,24,9,Gasabo
831,96,1882,12065,4,40,6,Gasabo
693,62,677,7311,27,33,1,Gasabo
187,18,655,10256,1,34,1,Gasabo
578,51,924,9978,27,26,9,Gasabo
938,26,813,9832,18,56,8,Gasabo
613,13,1420,17427,23,35,7,Gasabo
881,23,2247,19409,0,35,1,Gasabo
136,86,1846,12829,20,45,6,Gasabo
97,23,1658,6323,17,40,5,Gasabo
250,31,1099,17097,1,48,8,Gasabo
245,22,1281,6336,5,51,5,Gasabo
533,67,835,5504,17,57,1,Kicukiro
857,97,2662,13695,11,54,6,Gasabo
217,60,1279,6141,26,47,3,Gasabo
689,80,1590,18777,27,41,6,Gasabo
807,47,1122,16979,18,32,7,Gasabo
880,70,1538,10243,17,44,7,Nyarugenge
888,57,526,19627,17,58,1,Gasabo
207,73,1569,15632,14,42,3,Gasabo
320,19,1384,12445,14,35,2,Gasabo
181,65,2468,17096,20,25,9,Gasabo
835,41,2054,5985,27,26,7,Gasabo
907,51,505,14830,25,59,6,Gasabo
293,54,1723,18234,7,33,9,Gasabo
897,82,1605,6937,21,32,8,Gasabo
176,37,793,12813,22,32,6,Gasabo
177,73,1212,10621,15,45,9,Gasabo
834,86,2408,8486,29,53,3,Gasabo
400,21,1958,18854,19,30,7,Gasabo
46,29,2049,14136,22,27,6,Gasabo
337,35,1367,13111,9,41,4,Gasabo
577,78,1507,12935,27,33,4,Gasabo
190,30,2302,10662,28,53,4,Gasabo
525,66,2772,13518,11,35,8,Gasabo
538,49,2757,5757,13,53,2,Gasabo
483,77,586,8812,17,37,9,Gasabo
160,71,1669,18242,22,43,8,Gasabo
280,21,2482,17744,9,23,8,Gasabo
401,50,1795,9554,29,20,5,Gasabo
651,62,2871,18868,15,35,1,Gasabo
34,48,2748,5465,10,27,6,Gasabo
610,42,1076,5285,19,25,3,Gasabo
915,48,2637,19271,25,59,3,Gasabo
158,84,843,6452,24,25,8,Gasabo
289,53,2498,6154,2,36,1,Gasabo
231,50,654,16062,12,51,3,Gasabo
501,30,2091,9216,14,37,6,Gasabo
710,80,2406,5089,14,43,8,Gasabo
989,12,1408,7047,10,49,7,Gasabo
768,31,1988,10714,2,46,6,Gasabo
861,85,1379,16641,12,53,1,Gasabo
120,74,1460,6812,29,56,3,Gasabo
125,74,522,14054,13,22,4,Gasabo
926,77,1636,10312,18,33,5,Gasabo
744,77,524,18048,16,40,9,Gasabo
994,55,2617,18205,3,39,5,Gasabo
239,52,617,18747,7,21,4,Gasabo
463,69,889,7699,23,33,5,Gasabo
130,14,1278,18127,14,53,2,Gasabo
601,45,843,13391,18,23,3,Gasabo
396,91,2774,13865,3,46,4,Gasabo
944,11,2769,6968,21,52,9,Gasabo
760,57,1527,14631,12,55,8,Gasabo
850,76,2196,7147,22,34,5,Gasabo
841,29,2953,12211,22,36,4,Gasabo
500,52,2107,6829,24,48,3,Gasabo
465,83,1943,5301,14,33,2,Gasabo
744,92,516,19692,7,52,6,Gasabo
563,43,2040,7552,4,28,3,Gasabo
970,25,773,14416,6,47,2,Gasabo
538,33,933,19032,10,36,8,Gasabo
289,93,1510,15210,29,57,9,Gasabo
139,71,2051,17774,27,21,6,Gasabo
758,55,1627,5092,23,37,3,Gasabo
179,87,2552,5021,6,52,2,Gasabo
815,80,1651,11340,18,44,9,Gasabo
353,50,867,15409,25,23,5,Gasabo
14,64,2906,5670,26,39,4,Gasabo
960,32,1631,15643,1,23,9,Gasabo
473,23,2146,15014,28,47,3,Gasabo
63,74,1117,10176,8,28,9,Gasabo
480,16,1902,17546,21,41,6,Gasabo
423,46,2487,17016,15,40,4,Gasabo
156,64,2747,19712,11,37,5,Gasabo
924,42,2240,9987,13,48,9,Gasabo
206,29,2078,18519,14,26,8,Gasabo
561,15,1772,9741,15,56,5,Gasabo
51,57,1266,13081,0,39,8,Gasabo
538,16,1384,19357,21,48,6,Gasabo
14,26,1695,16891,12,39,7,Gasabo
596,86,924,11951,8,32,2,Gasabo
619,30,2657,6547,21,52,8,Gasabo
713,43,680,11444,25,49,5,Gasabo
19,79,1960,7033,8,44,6,Gasabo
722,62,1680,16284,3,28,6,Gasabo
984,89,2579,16765,18,48,5,Gasabo
895,16,935,8343,28,20,7,Gasabo
436,35,968,8526,12,33,8,Gasabo
577,81,1955,9390,12,28,2,Gasabo
126,12,1938,10019,19,57,5,Gasabo
544,45,1672,13628,17,43,2,Gasabo
938,31,1092,13643,17,27,5,Gasabo
212,86,676,11368,28,29,8,Gasabo
844,46,704,16451,9,24,7,Gasabo
858,83,1517,9378,28,37,1,Gasabo
564,29,1201,16505,17,50,9,Gasabo
630,57,1435,14310,17,49,5,Gasabo
368,64,2640,12010,1,37,3,Gasabo
684,23,2662,9948,22,30,5,Kicukiro
408,87,2683,14222,5,31,6,Gasabo
109,69,887,14652,20,23,2,Gasabo
756,56,2723,6316,15,33,3,Gasabo
777,49,649,5404,4,33,6,Gasabo
552,78,2935,8644,18,21,9,Gasabo
696,39,2331,10643,14,21,9,Gasabo
941,31,572,19697,20,59,4,Gasabo
325,55,1556,9379,6,27,9,Gasabo
861,40,711,13962,7,28,1,Gasabo
396,77,1513,6463,25,45,7,Gasabo
671,32,914,18503,13,21,9,Gasabo
856,78,529,15895,28,43,8,Gasabo
226,33,2005,11409,24,41,1,Gasabo
855,36,2837,16962,11,52,3,Gasabo
736,37,2412,18282,19,41,2,Gasabo
271,84,1839,12838,7,54,1,Gasabo
754,74,2651,5683,22,27,2,Gasabo
210,43,2544,9774,19,27,4,Gasabo
221,96,536,14874,8,20,7,Gasabo
962,90,1986,10161,13,23,7,Gasabo
250,83,2156,10469,27,24,2,Gasabo
326,66,2538,17039,3,24,9,Gasabo
677,39,2647,19910,7,47,3,Gasabo
860,70,1421,18287,17,35,5,Gasabo
73,85,1493,8910,0,25,4,Gasabo
483,68,2834,5935,21,49,7,Gasabo
683,20,1210,5665,24,58,3,Gasabo
134,58,2690,19418,13,30,1,Gasabo
898,20,765,15557,25,59,4,Gasabo
5,54,1876,13413,10,25,5,Gasabo
182,90,1303,14189,27,45,3,Gasabo
910,95,2083,8028,4,40,1,Gasabo
29,89,2608,14619,19,47,1,Gasabo
752,91,542,9995,15,31,9,Gasabo
734,33,1284,9685,25,53,2,Gasabo
235,47,583,10212,1,46,5,Gasabo
892,52,2398,10046,20,27,2,Gasabo
370,21,947,18599,17,48,8,Gasabo
775,73,2745,12729,14,40,2,Gasabo
925,21,1518,19135,29,57,6,Gasabo
341,91,2315,7830,4,49,7,Gasabo
468,14,2351,5746,27,51,8,Gasabo
54,79,1968,19857,27,54,2,Gasabo
868,28,2259,13155,29,40,1,Gasabo
630,24,805,9884,2,22,9,Gasabo
605,98,1880,11910,7,45,1,Gasabo
861,47,2837,17383,8,32,6,Gasabo
134,40,1528,16113,16,57,8,Gasabo
663,22,1717,12217,10,27,1,Gasabo
685,93,2119,10055,21,39,4,Gasabo
179,42,1942,18206,5,50,2,Gasabo
342,11,983,13793,29,57,2,Gasabo
809,52,1221,6800,14,48,6,Gasabo
340,95,649,15812,21,53,1,Gasabo
857,28,1068,6318,28,36,3,Gasabo
259,90,2672,15603,1,49,6,Gasabo
870,29,2588,9809,7,31,3,Gasabo
14,92,2662,12412,23,25,8,Gasabo
9,96,1437,12190,2,33,1,Gasabo
223,24,773,11466,23,32,7,Gasabo
668,61,2518,15904,18,30,9,Gasabo
673,79,1853,8960,16,51,6,Gasabo
318,18,733,5161,2,40,2,Gasabo
180,48,2408,18832,23,21,8,Gasabo
340,17,1461,5801,12,27,3,Gasabo
337,94,2113,7778,6,30,2,Gasabo
807,94,708,10034,5,27,4,Nyarugenge
462,79,1727,10968,26,38,7,Gasabo
852,79,2874,17566,1,21,6,Gasabo
152,14,2915,13889,6,33,6,Gasabo
163,91,976,12915,17,29,2,Gasabo
616,58,1126,6959,8,36,3,Gasabo
302,41,1651,14759,12,36,5,Gasabo
478,63,834,14574,25,44,7,Gasabo
675,50,1895,10250,11,37,4,Gasabo
945,61,639,16326,4,30,6,Gasabo
879,22,1502,6391,13,57,6,Gasabo
110,11,1630,16838,12,46,2,Gasabo
158,51,2797,13685,12,57,7,Gasabo
387,35,1236,13204,14,42,1,Gasabo
967,13,1304,9931,13,23,8,Gasabo
819,98,2448,13401,18,43,4,Gasabo
139,75,1566,10552,13,33,9,Gasabo
349,46,2112,7121,23,20,3,Gasabo
75,43,2921,7783,24,23,9,Gasabo
384,46,2092,11171,13,31,5,Gasabo
691,20,764,9616,15,54,4,Gasabo
728,68,1366,8700,27,44,7,Gasabo
999,57,674,6536,17,42,2,Gasabo
296,92,2428,17151,21,48,2,Gasabo
576,99,1646,12586,14,49,5,Gasabo
155,98,1137,9964,17,24,9,Gasabo
883,69,2189,6530,17,55,8,Gasabo
147,55,1796,14499,24,48,1,Gasabo
738,94,1151,13867,23,21,2,Gasabo
640,63,1985,11551,14,43,7,Gasabo
529,78,1946,11587,27,26,5,Gasabo
386,64,1126,19474,18,25,3,Gasabo
17,73,2124,11699,0,24,2,Gasabo
970,97,841,19422,19,21,6,Gasabo
747,35,1557,19673,25,57,5,Gasabo
167,34,1663,15639,13,52,7,Gasabo
907,40,1298,10050,12,27,4,Gasabo
658,28,2863,12367,28,51,1,Gasabo
99,27,1824,13960,9,51,2,Gasabo
271,36,1987,9140,2,24,4,Gasabo
511,26,2351,18721,6,56,6,Gasabo
742,93,2481,9432,16,51,5,Gasabo
31,89,2751,19534,3,52,7,Gasabo
78,84,963,9705,11,34,9,Nyarugenge
635,31,1100,10619,1,31,8,Gasabo
429,50,1578,7079,20,59,9,Gasabo
988,13,867,11451,15,58,8,Gasabo
585,99,850,5473,9,24,5,Gasabo
81,90,2724,5922,22,26,9,Gasabo
550,73,2083,15572,23,39,9,Gasabo
214,95,2163,12061,12,27,4,Gasabo
297,79,522,16363,28,33,1,Gasabo
29,45,2167,6592,15,39,3,Gasabo
277,48,2634,16034,9,23,7,Gasabo
580,63,635,7242,13,56,8,Gasabo
691,26,2909,13647,4,51,5,Gasabo
306,92,594,6360,12,21,3,Gasabo
767,68,923,9996,28,31,3,Gasabo
247,11,2139,5094,6,49,5,Gasabo
926,37,2748,7497,13,39,9,Gasabo
14,60,1096,17515,24,55,9,Gasabo
2,96,1976,15045,15,22,3,Gasabo
33,60,1434,16041,5,21,7,Gasabo
602,91,2594,19269,8,55,2,Gasabo
198,97,878,14526,17,50,5,Gasabo
878,27,1415,10710,27,49,3,Gasabo
253,52,1842,6234,24,32,9,Gasabo
843,76,2472,11111,12,53,9,Gasabo
144,46,1479,10731,27,30,6,Gasabo
156,37,541,18421,14,26,8,Gasabo
969,66,1244,9176,12,26,8,Gasabo
680,59,672,7144,23,48,9,Gasabo
790,13,946,6197,0,43,4,Gasabo
570,67,2130,13841,22,36,5,Gasabo
857,55,723,5352,14,53,1,Gasabo
835,75,1064,18260,26,42,1,Gasabo
969,88,2205,8306,14,25,7,Gasabo
592,30,850,5113,21,59,7,Gasabo
759,71,1109,17314,3,54,8,Gasabo
886,93,1801,16396,15,59,8,Gasabo
530,59,2364,19049,7,47,3,Gasabo
446,48,836,13079,6,30,4,Gasabo
642,72,2051,16067,4,42,8,Gasabo
855,14,834,10150,6,31,7,Gasabo
453,42,1683,10353,21,26,9,Gasabo
973,52,1313,17000,19,35,7,Gasabo
653,45,2156,5826,20,52,7,Gasabo
728,95,1964,14425,13,33,9,Gasabo
88,72,2734,17147,8,37,5,Gasabo
484,64,2769,14648,5,53,6,Gasabo
933,91,2998,5782,6,37,6,Gasabo
332,16,1522,12668,14,38,3,Gasabo
89,92,1288,15495,15,58,9,Gasabo
353,59,2891,17339,23,42,7,Gasabo
898,48,2076,5629,25,35,2,Gasabo
520,18,2841,15548,3,56,8,Gasabo
702,51,2206,18586,13,49,8,Gasabo
529,47,1884,6694,17,26,6,Gasabo
622,58,1684,5359,1,43,7,Gasabo
180,92,2787,18048,28,50,3,Gasabo
906,58,2213,16747,25,56,7,Gasabo
901,91,2819,17368,2,22,4,Gasabo
533,59,1123,17219,19,24,3,Gasabo
536,13,1863,14261,4,45,9,Nyarugenge
325,65,2081,17516,21,55,7,Gasabo
846,63,2562,5869,3,44,4,Gasabo
175,21,2650,7512,6,25,6,Gasabo
308,45,1354,13532,15,48,5,Gasabo
713,91,2401,7686,3,41,9,Gasabo
452,70,1656,9122,18,39,2,Gasabo
316,94,948,15983,15,33,4,Gasabo
24,55,2518,5294,26,41,1,Gasabo
752,94,1019,14462,22,22,1,Gasabo
649,76,1079,11240,3,37,4,Gasabo
995,12,1978,8177,0,23,2,Gasabo
57,47,774,19481,21,27,9,Gasabo
928,68,2117,17305,16,28,3,Gasabo
762,77,2302,9373,1,47,2,Gasabo
741,35,605,7587,17,55,5,Gasabo
532,13,2209,11908,5,32,4,Gasabo
763,19,1773,16387,11,40,1,Gasabo
307,50,2587,13921,28,59,5,Gasabo
925,71,2404,17951,2,51,8,Gasabo
603,95,822,12647,1,31,3,Gasabo
764,70,2359,5067,13,44,2,Gasabo
857,40,1585,9337,8,49,3,Gasabo
17,21,1152,6771,1,40,7,Gasabo
945,55,1381,9571,26,28,6,Gasabo
666,87,2604,9510,21,54,7,Gasabo
997,16,1739,6326,17,53,1,Gasabo
310,33,2750,6246,3,37,8,Gasabo
158,37,2247,15144,20,40,1,Gasabo
417,17,1417,8742,0,53,2,Gasabo
164,20,1927,11349,24,38,1,Kicukiro
961,38,2059,6355,5,51,8,Gasabo
782,26,2062,6576,21,54,7,Gasabo
73,37,952,9275,8,39,2,Gasabo
315,48,2366,18164,4,56,5,Gasabo
952,95,1257,7178,3,50,4,Gasabo
386,54,1472,16313,18,53,4,Gasabo
928,45,1164,15536,25,32,9,Gasabo
609,55,939,17279,19,27,6,Gasabo
317,60,2319,5523,11,53,8,Gasabo
465,77,590,16467,25,20,9,Gasabo
226,12,749,12777,15,25,7,Gasabo
908,73,1099,5022,29,25,9,Gasabo
122,79,1435,18917,26,56,1,Gasabo
311,26,1573,16347,27,59,8,Gasabo
235,81,2570,12524,8,59,5,Gasabo
32,87,1125,7586,4,57,9,Gasabo
656,42,2859,19688,23,39,5,Gasabo
470,12,989,7129,9,59,1,Gasabo
786,95,2426,18148,3,22,1,Gasabo
283,96,2449,18243,16,22,8,Gasabo
579,47,511,18504,12,46,6,Gasabo
234,30,2600,7290,0,34,2,Gasabo
997,67,1758,19192,18,34,4,Gasabo
288,82,2975,13716,19,53,5,Gasabo
596,23,1435,7962,28,56,8,Gasabo
128,42,514,13874,26,33,3,Gasabo
943,15,2992,11670,25,51,5,Gasabo
176,61,1782,7769,29,35,7,Gasabo
314,83,852,6548,7,21,9,Gasabo
844,34,2754,15239,28,52,1,Gasabo
405,66,1497,13217,15,38,9,Gasabo
485,11,1743,12682,15,33,4,Gasabo
221,50,2998,13124,5,35,5,Gasabo
944,94,2177,11613,21,52,6,Gasabo
807,57,2887,7825,22,28,5,Kicukiro
248,99,2361,12994,28,41,9,Gasabo
687,82,2124,16275,12,36,1,Gasabo
992,22,2352,12467,11,23,7,Gasabo
565,18,553,9939,22,21,1,Gasabo
417,62,526,18544,11,36,4,Gasabo
759,54,2162,19766,19,38,1,Gasabo
227,34,2517,10137,11,56,4,Gasabo
369,39,1596,17672,27,36,8,Gasabo
261,29,2077,7094,2,29,2,Gasabo
646,39,2360,12600,6,50,4,Gasabo
891,28,2759,7585,20,29,8,Gasabo
31,66,2313,15952,23,40,4,Gasabo
535,60,1905,19586,16,54,8,Gasabo
474,79,1336,16577,1,39,2,Gasabo
936,14,1378,18870,3,55,1,Gasabo
780,24,2807,19496,9,40,9,Gasabo
655,92,1818,19314,20,26,9,Gasabo
716,95,1483,14910,13,53,3,Gasabo
820,70,2783,17569,27,40,6,Gasabo
961,17,2285,8380,14,49,2,Gasabo
933,65,1603,6297,13,24,2,Gasabo
115,70,2243,17896,4,42,3,Gasabo
665,61,1343,9582,16,41,5,Gasabo
731,74,2794,8562,28,59,9,Gasabo
336,89,610,12649,14,53,5,Gasabo
309,49,1982,15375,22,52,3,Gasabo
25,32,891,15812,7,43,3,Gasabo
8,87,1166,17001,3,24,7,Gasabo
928,32,1352,11164,17,20,3,Gasabo
449,65,1366,5176,9,26,2,Gasabo
496,87,2645,7084,10,54,3,Nyarugenge
767,91,1820,7071,8,27,3,Gasabo
361,10,2119,5272,2,43,3,Gasabo
968,71,2800,8039,25,43,8,Gasabo
429,94,1792,10647,14,27,3,Gasabo
417,35,2767,17117,4,46,7,Gasabo
170,89,853,16266,12,48,8,Gasabo
677,14,1840,17129,26,44,1,Gasabo
749,11,1627,12905,15,48,9,Gasabo
828,79,1777,8732,27,51,2,Gasabo
412,77,2262,8872,25,59,3,Gasabo
835,80,571,12397,1,46,6,Gasabo
831,21,2974,10541,19,40,8,Gasabo
933,82,684,15251,19,25,1,Gasabo
391,26,858,18755,7,21,2,Gasabo
909,94,2619,7795,7,29,7,Kicukiro
963,89,968,5703,25,44,1,Gasabo
710,75,2831,5459,17,59,1,Gasabo
860,45,710,16485,22,32,4,Gasabo
689,35,2587,6812,12,38,5,Gasabo
493,76,543,7479,5,32,8,Gasabo
270,16,2351,10338,7,44,5,Gasabo
17,63,1708,14273,17,29,3,Gasabo
69,34,1290,14927,4,34,7,Kicukiro
598,65,2005,7224,9,47,2,Gasabo
671,31,1763,15187,24,21,6,Gasabo
827,52,2367,6443,22,57,4,Gasabo
860,33,1838,12185,16,53,1,Gasabo
526,14,525,19718,20,20,3,Gasabo
913,41,1078,16342,4,49,6,Gasabo
896,81,2678,5886,18,41,7,Gasabo
339,92,860,7132,27,37,2,Gasabo
641,57,1010,6112,9,29,3,Gasabo
741,65,2263,19517,21,25,7,Gasabo
168,10,2133,18664,23,25,9,Gasabo
853,97,2767,8559,8,58,8,Gasabo
903,71,1569,11401,2,31,3,Gasabo
979,35,578,14931,12,37,1,Gasabo
49,17,1159,19780,7,50,9,Gasabo
545,97,1242,16540,24,57,9,Gasabo
237,27,1005,17451,1,44,3,Gasabo
610,41,2862,10407,9,43,6,Gasabo
590,22,1894,17037,4,23,5,Gasabo
478,72,1793,19669,27,46,1,Gasabo
216,62,1560,17443,0,26,6,Gasabo
221,62,2697,15307,1,28,8,Gasabo
71,20,2629,19123,12,30,2,Gasabo
111,86,1161,6737,28,50,3,Gasabo
313,87,639,14030,1,52,2,Gasabo
731,54,1365,7653,4,20,5,Gasabo
840,32,2177,13257,1,46,2,Gasabo
762,71,2797,17578,21,43,1,Gasabo
555,31,955,16323,8,46,2,Gasabo
910,75,2584,15087,19,27,5,Gasabo
601,10,2311,9186,22,48,1,Gasabo
573,38,2783,9677,27,33,8,Gasabo
906,72,2783,11451,27,33,5,Gasabo
759,55,1455,16727,2,53,6,Gasabo
487,99,1216,10478,19,28,2,Gasabo
987,78,766,10761,8,58,9,Gasabo
218,25,1580,18453,6,51,9,Kicukiro
947,58,1929,6300,3,46,9,Gasabo
289,10,1655,11750,28,35,3,Gasabo
513,27,1144,12930,3,41,7,Gasabo
897,78,2888,17866,22,54,9,Gasabo
364,49,762,11882,3,33,4,Gasabo
299,69,2077,12432,8,59,6,Gasabo
392,15,769,10505,24,23,3,Gasabo
4,12,2350,14498,28,55,4,Gasabo
512,91,2412,16011,0,42,3,Gasabo
341,93,2217,11989,5,39,2,Gasabo
377,26,600,12172,4,34,4,Gasabo
645,64,1304,9013,28,55,9,Kicukiro
753,15,1720,10862,15,32,1,Gasabo
936,37,2236,17196,2,21,4,Gasabo
657,20,1828,16551,28,36,7,Gasabo
724,63,2660,13853,22,35,4,Gasabo
111,88,2058,18718,18,28,7,Gasabo
639,64,1842,5895,4,49,7,Gasabo
859,60,1420,19086,7,29,3,Gasabo
417,50,873,7596,20,29,2,Gasabo
67,63,2226,18420,10,39,6,Gasabo
377,36,2730,15648,17,52,8,Gasabo
598,55,2708,8419,27,50,9,Gasabo
728,23,1860,11112,14,32,4,Gasabo
792,20,2425,6440,6,52,1,Gasabo
76,54,2595,10848,26,29,1,Gasabo
634,38,2906,13277,4,29,2,Gasabo
231,76,2857,18886,3,47,7,Gasabo
389,15,2115,9683,27,28,2,Gasabo
722,20,2272,18842,14,46,6,Gasabo
300,30,2076,11467,1,32,8,Gasabo
494,18,2228,19914,27,42,7,Gasabo
209,33,1703,17234,20,40,9,Gasabo
372,33,2344,5465,17,22,6,Gasabo
684,47,2497,8090,23,41,5,Gasabo
809,11,1650,17870,1,32,6,Gasabo
613,66,1282,8829,21,55,3,Gasabo
816,36,610,12194,21,53,4,Gasabo
237,69,2684,12866,7,59,7,Gasabo
581,25,931,8536,13,31,5,Gasabo
826,37,1926,8469,2,38,4,Gasabo
734,43,1923,18722,14,31,3,Gasabo
218,20,1892,17650,26,59,9,Gasabo
983,53,2564,7902,19,22,5,Gasabo
771,28,2333,5633,19,34,7,Gasabo
441,64,2113,17645,24,22,5,Gasabo
253,24,775,5513,7,56,4,Kicukiro
358,37,2237,6717,9,53,9,Gasabo
954,38,1594,19118,19,43,7,Gasabo
877,24,1184,5589,19,50,6,Gasabo
21,76,1092,5248,22,32,4,Gasabo
125,78,2050,13589,3,41,1,Gasabo
932,61,821,9173,17,33,6,Gasabo
885,95,2863,18529,11,23,8,Gasabo
603,55,2959,11734,5,22,8,Gasabo
690,52,1326,15746,25,47,3,Gasabo
198,95,1700,6270,15,54,9,Gasabo
733,97,2583,14350,25,25,9,Gasabo
748,83,2644,10967,3,48,8,Gasabo
864,43,1595,15191,12,34,8,Gasabo
372,83,1415,7558,18,42,9,Gasabo
578,47,1185,16638,16,35,7,Gasabo
77,60,2478,9068,25,31,3,Gasabo
205,12,1125,7187,13,36,4,Gasabo
421,60,705,7577,25,35,1,Gasabo
137,49,1218,18861,25,55,8,Gasabo
751,55,1454,18689,16,41,1,Gasabo
52,80,1261,7108,1,55,2,Gasabo
823,70,1792,11136,21,59,1,Gasabo
482,20,2932,9538,28,30,8,Kicukiro
839,49,1221,17812,25,30,7,Gasabo
175,23,2892,10173,24,46,2,Gasabo
483,13,604,12782,4,24,9,Gasabo
502,43,2000,11876,12,38,6,Gasabo
108,56,789,19625,29,31,7,Gasabo
154,29,1166,18483,15,22,6,Gasabo
436,19,1157,18285,23,59,2,Gasabo
597,97,2343,18334,11,46,7,Gasabo
7,31,1389,8685,11,54,5,Gasabo
603,19,1225,11158,28,26,7,Gasabo
16,89,2617,19032,4,25,9,Gasabo
324,63,1361,16673,19,30,7,Gasabo
531,13,2051,8919,17,51,9,Gasabo
883,72,1961,10096,9,46,6,Gasabo
19,70,1500,7086,3,48,3,Gasabo
439,39,2638,13109,14,39,1,Gasabo
184,34,655,14674,25,53,6,Gasabo
20,52,2011,5605,25,55,6,Gasabo
284,43,1511,17843,15,44,2,Kicukiro
18,83,2239,7370,22,30,1,Gasabo
847,11,696,15515,25,47,7,Gasabo
137,88,2934,14964,12,55,5,Gasabo
663,50,998,18887,1,43,9,Gasabo
40,59,2325,13475,21,28,5,Gasabo
522,44,2651,8823,9,32,5,Gasabo
688,58,1146,15514,9,59,7,Gasabo
144,42,810,16919,12,32,2,Gasabo
497,17,2568,15290,4,53,4,Gasabo
616,63,1849,16571,15,52,2,Gasabo
587,43,1791,13111,2,52,9,Gasabo
8,47,1951,17772,19,30,3,Gasabo
47,97,1372,7260,11,48,7,Gasabo
230,91,1327,10058,29,37,4,Gasabo
717,63,659,15297,29,51,6,Gasabo
906,87,2587,12525,21,47,5,Gasabo
305,88,1475,15840,27,23,2,Gasabo
478,95,2033,13998,7,39,7,Gasabo
281,82,656,9972,29,21,5,Gasabo
638,96,2771,8220,8,47,5,Gasabo
662,53,2239,8758,19,31,8,Gasabo
492,10,2238,11664,15,43,1,Gasabo
279,74,2587,15261,19,33,3,Gasabo
536,71,2953,13625,14,29,1,Gasabo
155,44,1817,19803,9,40,5,Gasabo
815,92,1863,9197,7,43,5,Gasabo
178,70,2628,14929,26,31,5,Gasabo
325,15,1703,11902,25,41,4,Gasabo
693,69,1888,9470,22,54,4,Gasabo
107,23,1554,15729,13,20,3,Gasabo
686,54,1309,13277,19,23,7,Gasabo
766,50,1747,12478,8,23,1,Gasabo
81,82,1145,11010,12,58,5,Gasabo
635,21,1156,17413,17,22,1,Gasabo
211,92,2059,19040,14,25,9,Gasabo
588,80,2766,13845,16,38,6,Gasabo
174,34,1564,16336,13,39,4,Gasabo
488,71,2741,7078,8,47,9,Gasabo
275,72,861,11346,19,28,9,Gasabo
404,12,1386,7547,7,27,2,Gasabo
191,20,1565,19060,7,52,4,Gasabo
60,59,1466,5990,26,36,7,Gasabo
366,66,1505,8149,21,51,7,Gasabo
876,40,2091,11835,3,36,2,Gasabo
88,61,650,11986,3,54,5,Gasabo
244,18,1471,9428,11,33,8,Gasabo
705,96,2579,17752,10,52,5,Gasabo
998,25,1157,6706,20,29,9,Gasabo
95,50,2931,17109,8,23,6,Gasabo
287,86,2977,15686,7,50,2,Gasabo
555,38,1773,10740,13,28,7,Gasabo
830,24,1449,9820,14,45,9,Gasabo
583,19,2497,9974,16,34,4,Gasabo
755,92,650,8029,27,52,3,Gasabo
400,77,1491,10476,25,59,1,Gasabo
269,15,1115,5623,20,54,4,Gasabo
401,59,1002,5237,16,20,6,Kicukiro
869,86,861,13112,17,21,2,Gasabo
356,64,1781,11702,6,53,6,Gasabo
568,37,1444,18727,3,57,7,Gasabo
515,99,1789,12904,25,56,9,Gasabo
399,89,1418,7357,16,41,6,Gasabo
728,28,2380,14346,6,32,8,Gasabo
912,69,2077,14087,6,40,3,Gasabo
987,52,1338,5612,17,27,2,Gasabo
764,96,2112,18947,0,25,2,Gasabo
317,42,2354,17335,0,56,9,Gasabo
880,96,850,6136,11,52,6,Gasabo
762,13,836,12931,5,43,5,Gasabo
991,29,2472,8181,0,41,9,Gasabo
285,26,2236,10456,10,53,9,Gasabo
38,31,599,10918,29,45,2,Gasabo
11,45,1930,14744,25,58,7,Gasabo
288,54,2420,5506,25,47,2,Gasabo
335,49,2377,12904,13,26,7,Gasabo
606,28,1720,11582,5,27,5,Gasabo
926,38,2398,10129,28,54,2,Gasabo
312,96,1796,10759,20,53,7,Gasabo
20,20,2646,14535,7,57,5,Gasabo
656,71,2011,9958,26,55,7,Gasabo
573,41,927,14139,23,27,2,Gasabo
722,79,992,6038,14,29,2,Gasabo
761,94,2116,8553,3,54,2,Gasabo
783,87,2283,12971,11,44,1,Gasabo
177,38,1715,15576,12,30,9,Gasabo
741,29,2790,5354,12,59,3,Gasabo
269,53,934,9232,0,50,7,Gasabo
380,35,2860,16116,29,51,7,Gasabo
635,67,1699,14486,18,38,6,Gasabo
465,65,1496,17297,29,24,7,Gasabo
151,14,598,12491,27,49,7,Gasabo
528,43,2571,19186,10,34,1,Gasabo
214,31,2326,5553,27,34,8,Gasabo
539,37,1250,9002,15,28,6,Gasabo
616,13,2144,10562,14,26,8,Gasabo
159,88,1510,11650,28,31,1,Gasabo
905,61,2722,14420,25,54,5,Gasabo
241,74,1667,16347,6,24,8,Gasabo
417,57,1306,19170,24,28,7,Gasabo
425,64,2673,11205,9,51,4,Gasabo
412,66,2044,16592,25,45,3,Gasabo
994,71,2983,18439,22,30,9,Gasabo
758,75,753,17223,11,48,2,Gasabo
657,46,1318,12780,17,55,8,Gasabo
906,85,2272,10779,5,32,6,Gasabo
416,59,2016,8104,23,43,8,Gasabo
973,93,2927,19550,26,55,1,Gasabo
499,14,1720,5976,19,57,8,Gasabo
624,80,2387,9694,20,48,1,Gasabo
735,55,2616,11415,12,20,3,Gasabo
162,79,673,8306,20,22,9,Gasabo
546,49,1046,11234,23,20,2,Gasabo
593,79,992,5109,18,26,8,Gasabo
93,53,2448,6768,28,21,2,Gasabo
247,79,1421,18268,7,28,6,Gasabo
331,29,867,8532,20,34,6,Gasabo
328,55,2130,10471,8,58,2,Gasabo
391,42,2179,19387,24,49,8,Gasabo
308,96,2529,6902,10,30,2,Gasabo
115,28,1054,6840,19,50,1,Gasabo
931,67,1817,6811,19,24,5,Gasabo
684,11,1774,7405,8,55,8,Gasabo
553,35,2314,12336,26,33,9,Gasabo
274,68,1491,14671,1,25,5,Gasabo
501,40,1810,16480,29,31,5,Gasabo
237,75,2601,14365,1,53,4,Gasabo
713,14,1312,5782,15,58,6,Gasabo
987,30,1526,5170,19,33,1,Gasabo
669,60,2242,6942,11,51,1,Gasabo
787,89,1516,17329,25,24,7,Gasabo
770,36,2985,18921,29,26,8,Gasabo
387,42,1634,14917,21,46,7,Gasabo
722,93,2536,5710,13,47,1,Gasabo
372,33,2461,16141,2,40,7,Gasabo
867,31,1313,17191,20,32,4,Gasabo
987,76,2884,8440,27,34,3,Gasabo
239,68,1664,18969,10,45,1,Gasabo
992,78,783,11393,4,27,1,Gasabo
731,67,2341,8637,3,53,9,Gasabo
284,11,2851,7956,12,41,8,Gasabo
24,18,2425,18765,3,44,8,Gasabo
312,61,1290,9017,13,58,7,Gasabo
367,39,2245,10090,27,45,3,Gasabo
969,81,1900,6964,9,34,3,Gasabo
865,78,2696,12331,25,50,7,Gasabo
319,88,2310,8873,10,23,8,Gasabo
631,25,2985,11103,17,43,1,Gasabo
79,40,836,6208,16,53,5,Gasabo
419,40,2230,16034,20,49,4,Gasabo
381,26,764,15405,14,53,9,Gasabo
582,73,2232,16604,0,28,4,Gasabo
254,14,1216,14928,11,30,2,Gasabo
342,29,530,18949,9,24,2,Gasabo
923,35,1939,15183,2,42,6,Gasabo
798,64,2482,5719,12,37,6,Gasabo
390,43,2046,11573,22,49,7,Gasabo
711,30,2385,17228,28,20,1,Gasabo
600,40,2403,19167,28,38,8,Gasabo
829,62,2114,16838,11,29,9,Gasabo
540,94,1959,17088,25,57,3,Nyarugenge
377,77,709,9847,28,25,2,Gasabo
859,62,2308,17743,0,48,8,Nyarugenge
617,73,2363,17592,22,27,5,Gasabo
713,93,2547,13714,22,51,8,Gasabo
106,29,764,10601,8,25,7,Gasabo
431,65,1772,19036,22,54,9,Gasabo
932,43,1809,5013,3,25,9,Gasabo
517,11,1753,8416,1,22,2,Gasabo
920,89,1338,10220,17,35,7,Gasabo
330,58,1300,18551,2,59,2,Gasabo
889,71,2677,7137,13,29,4,Gasabo
580,32,1565,16769,21,36,6,Gasabo
167,88,2352,14818,8,45,9,Gasabo
916,87,2865,11953,5,46,4,Gasabo
871,62,1093,6104,0,57,6,Gasabo
865,60,687,19737,17,28,8,Gasabo
34,80,1030,19707,24,20,7,Gasabo
420,34,995,6706,10,34,7,Gasabo
3,72,1792,7043,23,22,4,Gasabo
764,29,2658,16743,7,29,1,Gasabo
429,12,1005,9688,12,33,1,Gasabo
255,13,1233,8832,21,46,6,Gasabo
686,25,2100,15669,20,47,1,Gasabo
854,54,2153,5062,19,25,1,Gasabo
858,59,1508,12097,5,28,4,Gasabo
294,79,2739,12011,18,31,5,Gasabo
884,35,793,14986,7,54,2,Gasabo
266,45,2787,9987,21,32,7,Gasabo
323,59,545,8398,15,24,5,Gasabo
432,25,1620,13244,6,43,5,Gasabo
360,18,2116,5769,15,59,6,Gasabo
150,99,2845,18835,10,50,6,Gasabo
229,61,1885,18188,10,21,9,Gasabo
988,67,2494,9560,17,51,5,Gasabo
837,80,1629,8656,24,28,8,Gasabo
570,60,601,5225,22,45,3,Gasabo
215,99,2119,6720,9,31,4,Gasabo
342,52,2944,16035,23,52,1,Gasabo
457,35,1117,16154,27,48,1,Gasabo
774,10,2219,16287,7,27,3,Gasabo
455,19,2602,17725,14,37,3,Gasabo
180,46,1981,11660,29,52,2,Gasabo
924,85,883,15721,7,27,5,Gasabo
341,88,774,12220,1,55,3,Gasabo
768,44,1341,5103,0,52,7,Gasabo
886,13,1232,13995,25,42,6,Gasabo
570,38,1546,13536,7,36,7,Gasabo
998,75,2539,8348,27,47,6,Gasabo
857,97,2468,8712,26,32,8,Gasabo
82,80,1474,8314,25,22,2,Gasabo
739,71,2945,17391,26,58,4,Gasabo
284,31,2888,16957,14,22,5,Gasabo
14,78,594,16338,0,47,9,Gasabo
738,61,657,14801,1,31,1,Gasabo
282,68,892,19881,2,50,4,Gasabo
790,26,1131,19756,11,45,1,Gasabo
518,78,1509,17737,28,28,4,Gasabo
884,18,741,7445,17,31,9,Gasabo
486,78,679,19626,4,21,7,Gasabo
115,86,2589,19117,24,42,4,Gasabo
996,20,849,14733,5,51,6,Gasabo
376,16,842,16384,29,49,3,Gasabo
796,36,2615,13872,12,34,9,Gasabo
39,29,1306,10848,29,33,3,Gasabo
889,36,619,11112,5,44,1,Gasabo
175,16,2045,15860,23,28,5,Gasabo
864,82,1495,10044,19,24,1,Gasabo
566,17,1988,12602,3,33,9,Gasabo
682,77,569,13228,2,36,4,Gasabo
682,15,1825,19886,13,49,3,Gasabo
792,94,1562,18968,18,23,7,Gasabo
546,71,633,16918,27,34,2,Gasabo
219,36,983,17057,0,49,3,Gasabo
399,78,2629,13472,24,38,2,Gasabo
285,16,2441,5098,21,33,8,Gasabo
47,90,712,18549,21,30,3,Gasabo
393,85,2289,17366,8,29,9,Gasabo
5,92,1836,9501,28,28,6,Gasabo
329,23,1498,13373,7,54,7,Gasabo
741,40,1336,7606,17,56,6,Gasabo
787,25,752,19504,8,30,8,Gasabo
948,15,786,9856,5,54,7,Gasabo
833,49,2390,18541,6,30,6,Gasabo
419,96,1025,17910,2,36,9,Gasabo
409,24,1090,9525,18,55,5,Gasabo
724,78,1604,7460,22,41,3,Gasabo
400,70,1594,18816,19,55,7,Gasabo
0,19,743,6488,25,44,8,Gasabo
800,71,2245,5502,21,41,3,Gasabo
711,25,2609,8111,23,53,6,Gasabo
16,98,2490,9628,20,29,8,Gasabo
654,98,2804,12893,9,51,9,Gasabo
391,49,1543,13446,15,51,5,Gasabo
63,11,2950,15499,29,30,1,Gasabo
12,81,1509,12336,14,33,9,Gasabo
523,74,1091,15140,2,29,2,Gasabo
465,86,843,19941,24,26,7,Gasabo
127,95,1945,13600,17,40,1,Gasabo
36,52,2027,10611,24,45,7,Gasabo
238,75,1809,9771,14,45,6,Gasabo
94,38,2805,6709,5,44,5,Gasabo
435,27,2528,11531,26,58,1,Gasabo
115,57,1403,15930,10,43,3,Gasabo
235,79,1881,8810,25,58,3,Gasabo
604,15,1238,16018,0,47,2,Gasabo
188,94,1345,7988,24,53,8,Gasabo
450,87,682,16760,21,25,3,Gasabo
624,35,2725,13078,9,28,6,Gasabo
162,58,2748,8930,27,55,1,Gasabo
902,27,534,8573,8,21,7,Gasabo
28,31,713,8289,20,22,9,Gasabo
699,49,1849,19244,14,21,2,Gasabo
676,27,1206,10892,8,52,9,Gasabo
247,85,1252,5495,22,40,2,Gasabo
17,43,602,17633,25,44,1,Gasabo
225,38,2011,8967,3,30,7,Gasabo
798,46,1414,18736,2,47,8,Gasabo
849,44,593,12252,15,56,8,Gasabo
166,45,553,16175,6,48,8,Gasabo
767,52,2849,5544,26,49,5,Gasabo
690,53,2156,7554,20,54,3,Gasabo
22,34,981,11975,26,31,5,Gasabo
440,24,2966,18815,0,27,6,Gasabo
148,36,1388,17914,9,54,3,Gasabo
714,13,1312,8581,19,43,8,Gasabo
867,57,2356,9134,7,33,1,Gasabo
245,51,1450,6670,9,59,1,Gasabo
691,86,1486,6725,13,36,5,Gasabo
724,95,2036,15324,1,22,4,Gasabo
609,49,1375,17589,0,41,7,Gasabo
168,31,1574,6520,6,35,3,Gasabo
151,33,1328,18699,1,47,7,Gasabo
113,47,1535,5317,2,36,7,Gasabo
259,84,2025,7720,16,36,7,Gasabo
737,20,1420,19997,8,31,7,Gasabo
186,98,1136,19480,20,56,7,Gasabo
58,41,707,9032,18,43,8,Gasabo
801,23,2117,13704,22,44,6,Gasabo
899,98,1086,12760,5,23,1,Gasabo
140,88,1412,17334,9,26,1,Gasabo
197,38,1075,14468,4,33,6,Gasabo
582,21,1606,9143,19,32,4,Gasabo
332,54,2271,12205,2,59,5,Gasabo
382,12,2165,15532,10,28,7,Gasabo
895,66,2974,18549,13,48,7,Gasabo
794,51,655,12256,17,36,5,Gasabo
277,56,922,9619,2,39,3,Gasabo
827,57,2324,9763,17,36,2,Kicukiro
242,90,1175,11914,8,55,4,Gasabo
711,62,1358,6705,13,25,5,Gasabo
235,64,2826,6524,12,40,5,Gasabo
189,40,2436,7791,21,59,2,Gasabo
145,89,1847,18841,5,41,7,Gasabo
439,50,1477,6582,15,43,3,Gasabo
513,23,2830,7446,16,50,9,Gasabo
58,50,1680,13487,3,26,6,Gasabo
608,76,1350,6648,18,49,1,Gasabo
854,17,712,9131,3,35,1,Gasabo
141,37,1970,14759,14,34,4,Gasabo
20,86,2831,10412,4,32,2,Gasabo
214,52,2472,14483,2,31,6,Gasabo
396,17,1762,9223,28,29,4,Gasabo
192,84,1356,15162,17,34,9,Gasabo
809,95,1062,17450,8,51,6,Gasabo
774,38,2538,12060,6,32,4,Gasabo
488,57,1635,9043,11,56,6,Gasabo
950,59,1368,15149,21,56,1,Gasabo
778,91,1706,13815,19,40,5,Gasabo
859,68,1998,16078,20,28,6,Gasabo
157,21,2317,18311,0,20,4,Gasabo
433,51,2533,18260,16,54,1,Gasabo
774,14,2366,7642,20,29,4,Gasabo
595,60,551,8384,2,50,3,Gasabo
24,76,1927,7712,6,42,6,Gasabo
287,89,1226,17658,11,50,8,Gasabo
600,39,2464,11707,0,44,8,Gasabo
419,91,864,6890,13,27,5,Nyarugenge
929,22,2592,12594,13,42,9,Nyarugenge
727,48,1477,5860,14,57,4,Nyarugenge
496,70,2102,8350,25,21,4,Nyarugenge
672,62,1707,8815,6,50,4,Nyarugenge
739,63,2768,5940,2,36,7,Nyarugenge
896,14,2888,7234,20,36,7,Nyarugenge
551,54,2193,6881,24,54,4,Nyarugenge
243,94,999,17369,13,21,2,Nyarugenge
858,32,1032,9962,8,39,1,Nyarugenge
811,45,1646,8886,17,36,6,Nyarugenge
522,39,2594,18700,4,44,2,Nyarugenge
761,72,2536,19306,6,33,1,Nyarugenge
723,54,1082,8547,26,31,6,Nyarugenge
765,10,1109,19986,0,25,1,Nyarugenge
938,29,1996,14111,13,32,2,Nyarugenge
581,47,2616,12781,5,56,8,Nyarugenge
586,53,703,19000,4,28,7,Nyarugenge
766,58,2888,15491,2,43,6,Nyarugenge
625,65,2180,11333,5,51,2,Nyarugenge
12,12,1251,14980,25,47,7,Nyarugenge
573,50,2169,8365,18,25,4,Nyarugenge
67,69,2095,7674,20,53,9,Nyarugenge
569,95,2673,7430,19,57,5,Nyarugenge
521,13,1452,19779,9,51,9,Nyarugenge
522,34,2586,12015,22,55,5,Nyarugenge
990,41,1426,19700,1,32,5,Nyarugenge
441,55,1964,19522,25,33,2,Nyarugenge
812,58,2325,10130,20,40,4,Nyarugenge
560,15,2743,9554,28,55,9,Nyarugenge
347,61,2770,16564,3,27,5,Nyarugenge
153,49,2030,7825,25,52,8,Nyarugenge
216,29,1553,6918,28,54,7,Nyarugenge
543,66,1992,16377,10,40,9,Nyarugenge
839,30,2872,13755,20,52,3,Nyarugenge
977,43,864,9012,6,46,4,Nyarugenge
849,18,2519,11315,29,55,1,Nyarugenge
245,77,1246,9470,19,53,5,Nyarugenge
678,81,626,13500,15,57,3,Nyarugenge
104,99,1156,19909,27,32,6,Nyarugenge
695,85,2301,13612,24,36,4,Nyarugenge
166,18,818,7769,26,48,6,Nyarugenge
31,26,1768,5293,1,22,4,Nyarugenge
625,56,1861,19026,1,57,9,Nyarugenge
934,26,1931,12773,14,46,5,Gasabo
274,87,2807,11571,2,48,7,Nyarugenge
454,10,916,6002,1,32,8,Nyarugenge
766,45,2243,6685,18,49,2,Nyarugenge
156,50,1074,14139,17,49,4,Nyarugenge
55,52,1896,17830,8,57,3,Nyarugenge
953,64,1376,13261,11,40,8,Nyarugenge
169,71,2651,7444,16,38,1,Gasabo
608,75,708,6680,13,31,6,Nyarugenge
944,27,2159,9732,25,25,7,Nyarugenge
490,25,2344,9067,12,21,8,Nyarugenge
407,39,924,11432,10,27,1,Nyarugenge
77,68,2580,13259,12,57,9,Nyarugenge
713,85,561,14419,18,56,5,Nyarugenge
818,91,1065,5488,21,25,3,Nyarugenge
378,77,2080,16055,13,51,8,Nyarugenge
754,93,2707,16315,10,29,3,Nyarugenge
176,93,1510,16695,19,24,6,Nyarugenge
831,75,712,19163,18,23,8,Nyarugenge
323,76,1028,15542,20,44,2,Nyarugenge
553,91,647,19356,21,34,4,Nyarugenge
41,28,2129,11512,13,40,1,Nyarugenge
301,12,1743,14592,18,29,4,Nyarugenge
930,27,2770,11506,17,29,9,Nyarugenge
444,87,891,15502,8,36,7,Nyarugenge
315,19,2102,9398,12,46,9,Nyarugenge
959,16,919,12547,15,21,7,Nyarugenge
311,62,531,6518,26,21,1,Nyarugenge
30,87,1303,11407,23,40,5,Nyarugenge
626,63,708,12612,24,49,5,Nyarugenge
298,11,1384,6434,19,35,3,Nyarugenge
278,51,828,7926,5,53,6,Nyarugenge
682,72,718,13582,24,46,5,Kicukiro
131,65,2942,5142,9,32,9,Nyarugenge
753,48,2833,13128,14,45,2,Nyarugenge
605,15,2143,5842,9,51,3,Nyarugenge
305,39,518,16311,3,59,6,Nyarugenge
351,41,596,6781,7,31,4,Nyarugenge
667,81,2603,10989,7,56,5,Nyarugenge
293,44,553,8558,4,57,6,Nyarugenge
229,11,538,14320,19,56,7,Nyarugenge
466,66,960,17725,5,28,4,Nyarugenge
305,97,2041,13648,13,51,6,Nyarugenge
623,73,1373,12441,29,51,7,Nyarugenge
51,33,740,10216,21,30,4,Nyarugenge
760,77,544,11530,16,36,5,Nyarugenge
510,92,2042,7201,6,22,8,Nyarugenge
973,15,2952,15639,1,24,9,Nyarugenge
511,29,596,13182,17,38,2,Nyarugenge
74,63,1188,9883,29,35,5,Nyarugenge
762,63,2014,12159,23,21,9,Nyarugenge
872,46,2659,14015,14,55,6,Nyarugenge
849,65,2181,19464,17,50,8,Nyarugenge
993,68,1440,6123,28,41,5,Nyarugenge
984,18,1087,5586,25,58,2,Nyarugenge
980,20,2399,13195,12,49,4,Nyarugenge
54,83,2219,5438,9,51,2,Nyarugenge
539,65,2628,16839,11,22,9,Nyarugenge
483,27,1902,11225,18,51,4,Nyarugenge
856,31,630,10217,6,33,3,Nyarugenge
673,91,691,9913,20,54,8,Nyarugenge
871,28,2382,6242,20,38,6,Nyarugenge
656,40,1386,9942,15,35,6,Nyarugenge
207,61,1566,17112,27,24,8,Nyarugenge
736,40,2211,17167,2,31,6,Nyarugenge
491,81,1459,13938,19,20,2,Nyarugenge
751,33,1853,8316,18,48,9,Nyarugenge
400,52,2257,12137,16,20,8,Nyarugenge
800,87,1226,9285,8,25,6,Nyarugenge
876,94,953,6800,16,27,8,Nyarugenge
694,63,2417,8167,14,25,6,Nyarugenge
84,40,1374,17826,2,36,1,Nyarugenge
477,17,1729,15621,28,33,9,Nyarugenge
759,34,1030,9344,10,29,9,Nyarugenge
847,57,1702,16847,15,25,7,Nyarugenge
110,33,1741,7921,4,49,5,Nyarugenge
682,63,2326,18077,29,41,2,Nyarugenge
41,66,1313,11669,17,43,1,Nyarugenge
593,30,1323,17826,11,35,1,Nyarugenge
10,76,1443,9834,13,31,3,Nyarugenge
195,42,2367,5956,14,24,3,Nyarugenge
755,39,2593,9645,17,24,7,Nyarugenge
861,39,1017,13513,21,58,1,Nyarugenge
770,32,770,7941,22,35,5,Nyarugenge
920,14,2394,19158,7,34,1,Nyarugenge
384,60,1188,16274,16,33,2,Nyarugenge
162,63,887,17935,3,23,7,Nyarugenge
272,55,2007,9617,18,31,7,Nyarugenge
245,29,2135,8592,17,53,7,Nyarugenge
9,78,2612,5315,17,24,1,Nyarugenge
998,67,1373,11900,4,59,2,Nyarugenge
463,38,1320,14051,27,30,8,Nyarugenge
961,18,2278,19839,12,26,5,Nyarugenge
847,19,710,16642,7,25,1,Nyarugenge
881,61,2283,19091,21,43,2,Nyarugenge
82,11,2240,17025,28,28,3,Nyarugenge
639,96,1686,6402,13,28,8,Nyarugenge
908,55,2236,16871,16,41,9,Nyarugenge
213,26,844,8140,6,51,7,Nyarugenge
197,19,1971,6004,27,46,7,Nyarugenge
463,29,575,5351,0,47,7,Nyarugenge
819,58,2402,14241,13,29,5,Nyarugenge
620,36,2931,5827,27,47,4,Nyarugenge
7,31,1965,16687,27,27,3,Nyarugenge
885,41,2125,8867,24,22,4,Nyarugenge
498,61,844,8388,16,52,1,Nyarugenge
599,64,2952,11743,13,27,2,Nyarugenge
545,99,1383,18745,17,30,5,Kicukiro
52,75,2129,5001,26,55,7,Gasabo
573,79,2424,16798,20,27,5,Gasabo
447,81,1406,8750,5,47,6,Nyarugenge
17,71,2972,7823,16,36,4,Nyarugenge
423,97,2509,5357,14,42,8,Nyarugenge
426,31,882,13294,11,47,1,Nyarugenge
172,77,1631,10701,10,33,7,Nyarugenge
331,20,2591,14763,10,48,5,Nyarugenge
598,98,520,5272,27,30,2,Nyarugenge
251,68,1621,12991,24,27,9,Nyarugenge
762,61,2262,10440,11,45,1,Nyarugenge
734,71,728,7949,2,32,3,Nyarugenge
734,91,604,10136,11,23,8,Nyarugenge
117,17,1290,7227,19,23,9,Nyarugenge
90,65,687,11700,26,28,1,Nyarugenge
261,46,1794,14945,2,35,7,Nyarugenge
867,34,1834,9838,16,23,3,Nyarugenge
553,11,2690,19939,13,30,4,Nyarugenge
615,60,2738,12459,23,22,1,Nyarugenge
685,89,1761,8544,21,40,8,Nyarugenge
138,47,1657,16642,21,57,2,Nyarugenge
562,85,2332,16859,25,21,7,Nyarugenge
2,74,1354,15292,5,31,5,Nyarugenge
426,54,2034,15485,15,23,1,Nyarugenge
927,59,1186,8412,5,42,4,Nyarugenge
850,76,2271,11566,21,55,1,Nyarugenge
759,41,2884,17815,27,39,9,Nyarugenge
850,74,575,18606,6,43,4,Nyarugenge
122,86,2407,17525,7,39,8,Nyarugenge
142,25,2045,6143,29,47,1,Nyarugenge
633,91,1825,16611,1,49,1,Nyarugenge
105,75,2800,17104,26,43,3,Nyarugenge
664,50,1708,18730,15,34,7,Nyarugenge
254,52,762,19341,26,26,2,Nyarugenge
787,89,2961,10364,12,40,2,Nyarugenge
225,88,2631,10879,4,37,4,Nyarugenge
830,20,2818,14234,25,31,3,Nyarugenge
504,69,1343,12067,19,29,6,Kicukiro
937,35,1897,19754,26,30,6,Nyarugenge
656,50,1376,15455,20,36,9,Nyarugenge
736,44,1745,6492,1,50,6,Nyarugenge
810,62,2037,5078,15,47,3,Kicukiro
62,11,2227,13808,7,48,6,Nyarugenge
254,71,2609,13889,5,33,9,Nyarugenge
839,72,1658,7196,14,48,7,Nyarugenge
143,33,1169,10198,6,34,1,Nyarugenge
451,14,2596,14764,25,36,8,Nyarugenge
934,16,1529,7627,7,45,9,Nyarugenge
350,60,2046,8884,8,32,9,Nyarugenge
999,73,1662,12093,9,52,1,Nyarugenge
604,33,1291,11874,1,21,8,Nyarugenge
346,92,2746,8646,26,37,2,Nyarugenge
292,80,1676,7883,12,36,3,Nyarugenge
363,10,2786,7614,23,46,9,Nyarugenge
13,68,2550,5572,16,34,7,Nyarugenge
91,40,687,11665,11,59,6,Nyarugenge
14,97,785,9860,17,50,1,Nyarugenge
846,88,2112,18474,21,37,5,Nyarugenge
751,52,2266,8609,27,54,4,Nyarugenge
32,50,1571,19155,23,23,2,Nyarugenge
961,52,884,10277,28,34,8,Nyarugenge
505,22,1865,8863,0,52,1,Nyarugenge
572,23,1324,5281,20,41,2,Nyarugenge
940,79,1367,19174,6,39,4,Nyarugenge
26,56,1976,10275,11,51,5,Nyarugenge
358,84,804,15131,17,26,8,Nyarugenge
729,41,2677,15542,16,36,2,Nyarugenge
70,39,1131,18590,4,46,3,Nyarugenge
80,26,2921,13254,14,27,7,Nyarugenge
648,62,1177,11220,25,21,8,Nyarugenge
628,76,2949,15113,3,42,3,Nyarugenge
248,65,799,13777,9,26,3,Nyarugenge
281,13,816,7578,15,42,3,Nyarugenge
659,84,2293,13566,24,24,2,Nyarugenge
637,84,1828,17147,9,30,6,Nyarugenge
596,97,1169,6376,0,54,5,Nyarugenge
284,26,700,11627,18,58,4,Nyarugenge
62,25,1299,14111,0,51,6,Nyarugenge
483,70,703,12059,12,45,5,Nyarugenge
591,23,2388,12444,14,20,9,Nyarugenge
146,63,556,19370,16,39,7,Nyarugenge
792,98,1150,19937,19,37,3,Nyarugenge
595,67,1390,18754,24,46,8,Nyarugenge
583,61,2777,13472,18,34,9,Nyarugenge
520,45,522,13056,15,42,9,Nyarugenge
628,90,1697,16480,1,38,5,Nyarugenge
952,45,2730,12078,11,22,1,Nyarugenge
134,92,1398,5898,4,46,9,Nyarugenge
964,51,2262,8333,13,26,3,Nyarugenge
193,45,2071,17064,8,45,2,Nyarugenge
551,97,1098,19145,6,37,7,Nyarugenge
936,56,2859,16303,18,51,5,Nyarugenge
598,39,1032,15236,2,33,4,Nyarugenge
738,43,514,8111,14,30,5,Nyarugenge
402,84,2740,19895,18,41,9,Nyarugenge
228,81,1477,12481,2,58,4,Nyarugenge
171,93,2042,12245,3,22,3,Nyarugenge
615,98,877,19830,0,57,2,Kicukiro
365,26,2718,17965,6,37,4,Nyarugenge
575,80,616,14915,7,33,8,Nyarugenge
60,17,1946,11059,11,20,3,Nyarugenge
780,69,2954,14941,9,34,9,Nyarugenge
956,56,1464,13687,9,45,6,Nyarugenge
289,53,976,19081,29,28,3,Nyarugenge
988,37,1924,13464,13,32,6,Nyarugenge
942,60,1748,9834,5,54,7,Nyarugenge
417,43,2491,16182,4,53,6,Nyarugenge
376,60,2678,14119,5,32,8,Nyarugenge
322,21,979,11291,2,36,6,Nyarugenge
979,48,1110,11787,18,28,1,Nyarugenge
896,46,1416,12621,10,56,4,Nyarugenge
630,50,2248,18343,21,52,5,Nyarugenge
562,47,1014,13020,27,47,4,Nyarugenge
69,88,2167,6882,28,36,4,Nyarugenge
112,16,1535,19022,5,27,8,Nyarugenge
682,69,2757,5586,20,53,2,Nyarugenge
627,18,1026,9061,0,43,9,Nyarugenge
688,74,646,19397,4,43,5,Nyarugenge
515,92,2171,18695,28,28,7,Nyarugenge
250,74,2434,14688,25,21,9,Nyarugenge
280,46,574,19274,18,22,3,Nyarugenge
928,83,2795,7391,17,22,2,Nyarugenge
297,34,2407,13572,9,20,7,Nyarugenge
105,91,1624,5073,12,29,6,Nyarugenge
234,63,1710,7936,19,43,1,Nyarugenge
996,75,1144,13842,27,30,1,Nyarugenge
244,16,1630,8452,17,54,5,Nyarugenge
675,86,1043,9347,8,39,1,Nyarugenge
450,17,703,15834,1,46,1,Nyarugenge
618,95,1708,18210,2,40,2,Nyarugenge
590,55,986,19454,21,56,1,Nyarugenge
287,81,939,14886,9,34,8,Nyarugenge
649,33,1868,8922,14,25,6,Nyarugenge
424,24,2036,13133,5,56,8,Nyarugenge
226,31,809,16115,26,55,5,Nyarugenge
899,18,1132,12933,14,22,5,Nyarugenge
373,59,541,8730,18,34,1,Nyarugenge
636,96,2295,6709,2,48,3,Nyarugenge
981,14,698,18654,8,26,7,Nyarugenge
349,31,1689,16139,24,53,2,Nyarugenge
177,20,2428,17306,28,43,9,Nyarugenge
353,46,2280,9342,5,47,1,Nyarugenge
695,81,2028,18108,7,20,2,Nyarugenge
408,20,1070,13947,8,49,6,Nyarugenge
197,50,2894,12738,22,39,6,Nyarugenge
31,27,1260,16336,26,39,3,Nyarugenge
444,28,1748,5966,4,59,6,Nyarugenge
490,75,605,19959,1,59,3,Nyarugenge
154,68,1939,11808,17,27,1,Nyarugenge
393,71,2259,13581,27,52,2,Nyarugenge
211,45,1620,13620,24,51,1,Nyarugenge
855,45,802,9438,14,46,1,Nyarugenge
516,73,956,13663,20,39,9,Nyarugenge
805,37,2556,10461,19,28,9,Nyarugenge
255,54,2604,14828,24,20,2,Nyarugenge
511,41,2303,7452,25,36,2,Nyarugenge
42,57,1830,10662,5,48,9,Nyarugenge
947,19,1186,13055,23,42,4,Nyarugenge
687,57,2770,18179,21,42,3,Nyarugenge
207,53,630,18923,17,49,6,Nyarugenge
9,85,1041,19699,28,54,1,Nyarugenge
183,57,1356,14590,8,33,4,Nyarugenge
614,91,795,9473,27,53,9,Nyarugenge
375,11,1209,9659,13,56,4,Nyarugenge
78,22,2145,7577,19,24,3,Nyarugenge
41,54,840,15612,8,40,7,Nyarugenge
2,47,2952,12079,16,51,1,Nyarugenge
64,25,2022,17556,27,40,4,Nyarugenge
554,31,2023,6143,17,27,6,Nyarugenge
623,65,2755,8809,17,47,9,Nyarugenge
996,33,1157,11501,4,42,4,Nyarugenge
90,85,1002,18449,22,37,9,Nyarugenge
774,42,550,11629,14,34,4,Nyarugenge
865,62,2543,16387,1,42,7,Nyarugenge
401,17,1864,8800,21,48,7,Nyarugenge
365,68,2763,7651,12,32,3,Nyarugenge
622,94,1488,19807,1,51,9,Nyarugenge
286,68,1256,19018,29,51,5,Nyarugenge
993,78,1478,16335,26,44,3,Nyarugenge
972,86,518,5820,16,35,7,Nyarugenge
152,64,1608,6681,7,37,4,Nyarugenge
445,77,900,6416,6,32,3,Nyarugenge
141,90,1213,8362,13,44,8,Nyarugenge
823,57,645,13334,26,34,7,Nyarugenge
196,52,2762,9804,19,30,5,Nyarugenge
685,88,709,7039,29,37,9,Gasabo
177,43,1479,10266,8,56,4,Nyarugenge
789,12,2002,17537,5,55,2,Nyarugenge
726,97,2589,10491,1,27,6,Nyarugenge
721,10,988,7029,22,38,9,Nyarugenge
79,11,1860,19236,27,24,3,Nyarugenge
436,11,2346,11032,9,59,6,Nyarugenge
234,68,800,15758,26,28,2,Nyarugenge
649,18,992,13055,26,39,3,Nyarugenge
534,58,1652,9974,28,21,6,Nyarugenge
540,37,1216,14771,24,35,7,Nyarugenge
252,68,768,19640,26,52,8,Nyarugenge
380,41,2044,6933,10,45,2,Nyarugenge
23,31,2873,6737,9,53,6,Nyarugenge
491,28,2216,13753,18,26,7,Nyarugenge
210,27,595,18199,11,52,4,Nyarugenge
356,47,2038,13342,1,39,6,Gasabo
165,74,2814,9874,27,38,1,Nyarugenge
165,42,2970,9546,7,40,3,Nyarugenge
6,66,2621,16201,14,44,8,Nyarugenge
404,72,2107,5934,11,23,1,Nyarugenge
196,89,1014,17226,23,39,1,Nyarugenge
433,16,2176,16484,11,50,4,Gasabo
738,76,2002,15467,5,50,8,Nyarugenge
766,91,1174,16749,28,30,8,Nyarugenge
705,75,1476,12345,19,46,2,Nyarugenge
390,73,2616,16696,4,21,9,Nyarugenge
162,40,721,12363,4,50,9,Nyarugenge
432,32,680,15624,26,31,5,Nyarugenge
26,75,871,6493,22,28,4,Nyarugenge
59,70,2767,16874,28,23,1,Nyarugenge
552,14,1890,12874,19,48,8,Nyarugenge
402,29,555,7204,16,49,7,Nyarugenge
361,98,748,8366,12,20,3,Nyarugenge
504,22,1677,15998,10,32,3,Nyarugenge
568,21,2629,15348,10,23,8,Nyarugenge
252,61,2575,9570,15,59,6,Nyarugenge
30,99,1191,13860,3,43,5,Nyarugenge
360,73,2217,11002,7,30,4,Nyarugenge
558,33,2851,14736,23,24,2,Nyarugenge
624,60,2227,19070,29,46,8,Nyarugenge
663,22,1473,9400,26,32,8,Nyarugenge
427,51,2738,10654,15,42,3,Nyarugenge
26,86,1353,8688,13,36,1,Nyarugenge
864,44,1104,10430,7,23,6,Nyarugenge
638,25,2072,13846,19,22,5,Nyarugenge
955,68,2326,8557,13,42,1,Nyarugenge
792,80,1993,10682,17,39,5,Nyarugenge
679,47,1760,9840,20,41,1,Nyarugenge
554,68,2933,16538,28,45,9,Nyarugenge
695,20,1586,12276,1,46,7,Nyarugenge
451,35,1376,8769,20,41,6,Nyarugenge
515,27,2684,7842,21,29,5,Nyarugenge
498,46,979,19511,19,41,1,Nyarugenge
265,49,2951,7435,15,26,3,Nyarugenge
680,15,1515,8782,17,31,1,Nyarugenge
952,69,1796,6428,12,32,2,Nyarugenge
556,92,2294,8961,17,32,6,Nyarugenge
798,63,1402,14196,11,58,5,Nyarugenge
335,85,534,10902,15,37,3,Nyarugenge
358,79,1057,12548,17,48,7,Nyarugenge
175,29,2358,19792,19,36,3,Nyarugenge
68,50,2292,7094,1,42,5,Nyarugenge
821,75,1487,12236,25,39,9,Nyarugenge
804,55,2600,18216,8,23,2,Nyarugenge
752,47,1079,10426,14,44,8,Nyarugenge
464,59,865,15802,15,51,7,Nyarugenge
125,26,1650,14395,22,35,7,Nyarugenge
732,90,1386,16003,10,57,5,Nyarugenge
928,45,2246,14906,6,51,2,Nyarugenge
479,91,2453,15962,2,30,4,Nyarugenge
766,57,2527,14266,6,57,7,Nyarugenge
685,85,1897,19648,29,55,4,Nyarugenge
984,95,1135,7753,19,33,7,Nyarugenge
733,21,2562,16897,5,27,9,Nyarugenge
628,10,931,13290,28,56,8,Nyarugenge
472,24,1424,11253,6,56,3,Nyarugenge
766,28,1159,18577,2,58,4,Nyarugenge
818,38,1199,10749,16,45,1,Nyarugenge
689,85,2812,15451,17,35,3,Nyarugenge
555,40,1159,5658,12,49,4,Nyarugenge
13,95,2247,15209,19,59,7,Nyarugenge
545,50,986,11122,24,50,6,Nyarugenge
471,25,2359,11225,18,22,3,Nyarugenge
944,99,2831,13270,14,54,5,Nyarugenge
459,81,1134,18113,15,37,9,Nyarugenge
873,85,1586,9300,13,20,5,Nyarugenge
854,42,1359,12931,28,56,1,Nyarugenge
347,49,2866,6712,14,36,7,Nyarugenge
801,41,1382,17860,16,36,2,Nyarugenge
209,73,1796,17222,29,33,8,Nyarugenge
272,17,781,17032,17,41,8,Nyarugenge
695,80,2279,12529,27,34,7,Nyarugenge
461,87,2870,14105,2,36,6,Nyarugenge
835,93,1044,8547,21,33,3,Nyarugenge
68,38,1144,6947,25,34,9,Nyarugenge
300,50,2988,18785,2,59,3,Nyarugenge
30,73,1209,17806,13,47,7,Kicukiro
154,19,1312,5707,8,48,6,Nyarugenge
798,12,1815,8675,11,44,1,Nyarugenge
998,22,923,12337,14,31,8,Nyarugenge
752,58,2111,6891,25,32,5,Nyarugenge
570,55,591,5349,19,28,5,Nyarugenge
602,49,1163,8240,14,44,9,Nyarugenge
456,54,2562,14016,5,22,6,Nyarugenge
993,29,972,5668,28,49,4,Nyarugenge
916,91,1143,19122,2,57,4,Nyarugenge
288,58,1297,10576,23,34,3,Nyarugenge
869,38,601,17939,0,52,4,Nyarugenge
73,43,542,7100,10,56,6,Nyarugenge
444,82,2239,5843,26,45,8,Nyarugenge
408,41,2581,16441,10,43,8,Nyarugenge
808,92,2515,11935,22,33,3,Nyarugenge
59,88,657,14722,20,45,2,Nyarugenge
762,77,2151,5095,24,20,2,Nyarugenge
498,94,1954,6692,28,24,5,Nyarugenge
180,66,814,16102,5,58,4,Nyarugenge
52,91,1562,14390,25,35,9,Nyarugenge
926,20,2630,10502,19,36,9,Nyarugenge
672,97,1604,10940,0,52,1,Nyarugenge
747,30,860,14088,16,54,4,Nyarugenge
849,79,1263,12790,19,42,1,Nyarugenge
624,72,1449,14104,10,36,5,Nyarugenge
92,96,903,8032,16,53,9,Gasabo
356,25,2803,10276,14,27,8,Nyarugenge
66,67,2713,13572,26,50,9,Kicukiro
743,33,548,9630,12,31,9,Nyarugenge
950,65,2661,19410,19,54,8,Nyarugenge
850,83,551,10726,1,52,3,Nyarugenge
802,66,2513,14031,17,44,3,Nyarugenge
589,47,1356,19019,3,22,4,Nyarugenge
935,65,1618,8091,4,22,7,Nyarugenge
360,43,738,9739,11,28,8,Nyarugenge
659,88,2351,16470,1,54,3,Nyarugenge
859,31,2535,12454,12,31,6,Nyarugenge
741,52,1969,6022,19,44,1,Nyarugenge
222,96,2310,6280,1,59,7,Nyarugenge
962,14,1681,5160,19,29,8,Nyarugenge
525,51,819,11678,8,44,6,Nyarugenge
268,68,1483,6895,20,52,5,Nyarugenge
360,77,1105,9996,9,26,3,Nyarugenge
945,79,2720,15525,4,46,6,Nyarugenge
118,58,1094,14261,19,29,5,Nyarugenge
907,65,2427,13215,28,33,8,Nyarugenge
913,41,2318,11099,12,31,9,Nyarugenge
960,31,2232,14809,25,49,4,Nyarugenge
227,24,1341,5009,0,26,2,Nyarugenge
678,48,1333,6796,12,51,9,Nyarugenge
790,81,1674,14556,14,28,1,Nyarugenge
262,82,743,6832,1,36,3,Nyarugenge
937,15,1930,10201,9,57,3,Nyarugenge
98,42,601,10381,2,44,4,Nyarugenge
583,18,2606,10545,11,38,9,Nyarugenge
535,21,645,15185,11,51,8,Nyarugenge
85,79,535,8555,6,42,4,Nyarugenge
637,30,2202,6849,1,53,4,Nyarugenge
458,61,1979,8389,12,40,4,Nyarugenge
783,95,1233,10539,13,43,8,Nyarugenge
6,32,2295,13623,7,47,1,Nyarugenge
737,19,2922,9776,24,44,9,Nyarugenge
398,75,2793,16813,0,23,6,Nyarugenge
141,79,2177,13183,2,21,6,Nyarugenge
608,42,1924,16352,11,51,8,Nyarugenge
494,35,2820,18062,29,23,3,Nyarugenge
515,80,1891,16360,5,50,4,Nyarugenge
696,97,1060,6785,12,42,5,Nyarugenge
940,42,1893,16973,10,42,8,Nyarugenge
492,53,983,7829,9,53,4,Nyarugenge
954,72,2170,10913,6,25,6,Nyarugenge
767,90,2838,8256,6,42,7,Nyarugenge
517,18,1830,5420,4,55,4,Nyarugenge
702,39,512,14802,25,26,6,Nyarugenge
28,95,1525,11672,11,49,6,Nyarugenge
290,97,891,12716,24,58,4,Nyarugenge
858,69,1647,19294,12,29,1,Nyarugenge
420,26,2672,17311,8,37,9,Nyarugenge
804,12,1613,13796,22,34,4,Nyarugenge
133,11,2197,18723,10,24,4,Kicukiro
274,50,1335,10769,0,52,1,Nyarugenge
684,74,2074,5494,9,35,5,Nyarugenge
322,25,1537,17339,18,48,8,Nyarugenge
756,17,935,10097,11,35,8,Nyarugenge
851,94,1300,7095,26,37,7,Nyarugenge
893,51,1377,10482,29,24,3,Nyarugenge
965,27,2128,10578,16,57,7,Nyarugenge
150,20,1865,12308,27,37,2,Nyarugenge
334,71,1976,17797,8,40,1,Nyarugenge
106,27,2369,10358,4,57,6,Nyarugenge
74,22,1095,17751,21,37,3,Nyarugenge
907,40,2789,10151,22,32,2,Nyarugenge
296,11,1343,11867,0,29,3,Nyarugenge
863,70,2337,15509,26,31,5,Nyarugenge
421,72,2285,13400,12,54,9,Nyarugenge
507,54,794,9530,20,31,9,Nyarugenge
556,78,2876,10373,18,21,3,Nyarugenge
733,79,1062,5293,4,24,6,Nyarugenge
618,35,991,10095,20,34,6,Nyarugenge
592,83,1882,5472,23,27,9,Nyarugenge
240,59,1210,5427,3,45,4,Nyarugenge
987,54,2146,10806,23,51,9,Nyarugenge
226,37,1852,10526,11,41,6,Nyarugenge
806,28,2725,8116,28,36,7,Nyarugenge
573,88,1247,14110,26,51,3,Nyarugenge
787,46,2072,12575,29,44,7,Nyarugenge
772,51,2420,14009,13,59,7,Nyarugenge
852,51,1225,14982,13,54,7,Nyarugenge
398,12,1506,10441,6,58,4,Nyarugenge
743,99,880,5516,6,43,7,Nyarugenge
972,86,622,5269,27,51,6,Nyarugenge
196,85,551,16724,26,28,3,Nyarugenge
435,40,2897,14936,17,35,1,Gasabo
918,24,1354,11977,9,21,7,Nyarugenge
448,88,2543,17740,14,40,3,Nyarugenge
471,25,1538,16574,14,20,5,Nyarugenge
418,43,1529,19178,27,28,4,Nyarugenge
465,18,957,14144,1,22,5,Nyarugenge
563,68,2003,15033,28,58,4,Nyarugenge
685,67,1154,16230,25,41,6,Nyarugenge
130,16,2696,6994,2,30,4,Nyarugenge
358,25,2877,16070,22,27,3,Nyarugenge
862,39,2097,13897,15,36,1,Nyarugenge
523,54,1459,8892,28,32,6,Nyarugenge
248,77,2975,19405,6,49,7,Nyarugenge
173,68,1194,7185,27,37,4,Nyarugenge
723,98,1108,12690,14,30,3,Nyarugenge
693,49,1927,16471,15,39,9,Nyarugenge
113,85,1579,7541,5,42,9,Kicukiro
731,44,2012,10267,9,47,4,Nyarugenge
94,41,2040,19674,15,20,3,Nyarugenge
404,16,963,16851,29,58,4,Nyarugenge
347,66,1243,12020,13,24,8,Nyarugenge
549,65,1396,8357,22,42,7,Nyarugenge
613,68,997,9530,19,51,8,Nyarugenge
953,36,1268,7033,14,45,7,Nyarugenge
828,80,970,12661,20,47,6,Nyarugenge
37,16,2931,14494,5,25,1,Nyarugenge
442,64,1824,15718,25,33,5,Nyarugenge
904,28,1465,17754,2,33,7,Nyarugenge
856,49,1789,17253,16,57,6,Nyarugenge
905,30,719,9212,24,31,6,Nyarugenge
952,40,838,10862,20,38,1,Nyarugenge
860,31,1999,10367,10,40,6,Nyarugenge
579,91,2082,16713,20,53,2,Nyarugenge
613,48,2622,11744,27,22,6,Nyarugenge
424,30,2330,7554,19,40,2,Nyarugenge
415,39,1296,15140,24,39,1,Nyarugenge
641,28,1899,10670,25,59,9,Nyarugenge
616,95,1837,15880,15,39,8,Nyarugenge
739,22,1155,10132,12,40,4,Nyarugenge
656,59,689,11487,21,35,2,Nyarugenge
96,91,2970,6714,19,37,1,Nyarugenge
949,17,636,11812,6,55,2,Nyarugenge
405,13,2555,6275,6,50,4,Nyarugenge
679,34,1213,16077,11,29,7,Nyarugenge
108,26,2871,8915,7,57,2,Nyarugenge
193,62,2615,9444,4,39,5,Nyarugenge
298,32,2649,13275,8,41,1,Nyarugenge
700,14,2683,19901,26,53,3,Nyarugenge
238,62,596,9437,16,55,6,Nyarugenge
258,82,2792,9733,12,52,1,Nyarugenge
73,63,626,16895,12,50,1,Nyarugenge
262,13,2917,15430,22,42,7,Nyarugenge
318,96,828,16006,5,33,2,Nyarugenge
303,50,1009,9636,5,52,8,Nyarugenge
139,67,2894,8587,24,53,6,Nyarugenge
327,98,2679,16645,7,22,3,Nyarugenge
946,22,2078,7527,5,58,2,Nyarugenge
459,56,2706,10719,7,33,3,Nyarugenge
524,68,2611,7897,6,32,8,Nyarugenge
484,94,2378,8438,24,46,2,Nyarugenge
756,80,2539,10082,7,41,2,Nyarugenge
681,70,2467,12380,13,24,1,Nyarugenge
740,17,2490,13257,17,23,5,Nyarugenge
863,42,1466,9806,27,28,7,Nyarugenge
214,27,2059,6313,23,47,8,Nyarugenge
298,88,1395,15609,28,26,1,Nyarugenge
503,73,2945,9587,6,29,8,Nyarugenge
886,73,918,13352,15,51,8,Nyarugenge
33,83,2450,16407,20,20,6,Gasabo
44,54,2503,11658,14,39,9,Nyarugenge
979,69,2171,9187,0,34,3,Nyarugenge
803,23,2577,17172,12,39,9,Nyarugenge
99,69,1420,10253,11,25,1,Nyarugenge
294,44,2638,16654,17,37,7,Kicukiro
133,74,1006,18643,4,33,7,Nyarugenge
912,38,2575,16091,12,21,8,Nyarugenge
714,21,1093,14802,15,22,3,Nyarugenge
991,77,2353,17026,5,34,1,Nyarugenge
404,80,2616,15969,15,48,5,Nyarugenge
796,27,2714,7582,16,40,6,Nyarugenge
946,74,761,7361,29,44,9,Nyarugenge
814,40,650,5495,0,38,7,Nyarugenge
229,22,2859,5008,5,46,7,Nyarugenge
272,13,2990,8684,7,49,5,Nyarugenge
455,84,2152,14555,28,43,4,Nyarugenge
123,25,2172,15226,11,51,5,Nyarugenge
846,56,985,16604,14,41,6,Nyarugenge
243,69,1236,13804,14,21,2,Kicukiro
862,87,2115,12859,27,42,4,Nyarugenge
575,22,1369,12969,3,56,7,Nyarugenge
528,49,835,11818,14,50,5,Nyarugenge
536,42,1887,13033,7,38,3,Nyarugenge
941,20,1629,10274,16,23,9,Nyarugenge
204,83,2037,6435,8,44,6,Nyarugenge
648,70,2568,19715,5,50,6,Nyarugenge
553,51,805,7930,21,27,6,Nyarugenge
830,13,2719,17972,0,50,8,Nyarugenge
205,90,1479,9631,23,52,7,Kicukiro
438,64,598,13343,6,45,4,Nyarugenge
269,12,1172,13979,4,45,3,Nyarugenge
403,88,1953,5939,9,27,4,Nyarugenge
546,36,2421,17811,20,42,7,Nyarugenge
464,71,1232,11671,25,41,7,Nyarugenge
104,37,911,16997,15,34,8,Nyarugenge
533,32,2752,19177,0,56,4,Nyarugenge
549,19,1918,7941,12,37,5,Nyarugenge
683,28,1637,18764,1,48,8,Nyarugenge
106,89,1633,9072,28,49,2,Nyarugenge
745,73,1255,13389,6,48,7,Nyarugenge
148,62,2820,10035,11,41,7,Nyarugenge
709,14,2765,8986,1,51,3,Nyarugenge
927,75,1169,11701,11,53,3,Nyarugenge
370,93,1373,12826,11,36,1,Nyarugenge
386,65,1934,19595,20,50,1,Nyarugenge
72,53,1964,5486,10,58,1,Nyarugenge
183,48,2839,13073,26,25,9,Nyarugenge
123,14,1850,9061,3,54,6,Nyarugenge
247,39,1671,15170,19,56,2,Nyarugenge
100,68,547,5443,21,37,2,Nyarugenge
538,21,2801,17158,7,45,7,Nyarugenge
563,39,2441,9224,1,31,2,Nyarugenge
898,39,1785,16226,23,53,4,Nyarugenge
452,92,747,16422,6,20,7,Nyarugenge
454,12,2314,17913,15,25,9,Nyarugenge
333,98,2744,5446,1,45,2,Nyarugenge
698,62,2548,13319,15,46,7,Nyarugenge
794,81,1408,12666,19,21,2,Nyarugenge
927,10,1498,6839,22,24,1,Nyarugenge
328,89,923,11855,6,48,8,Nyarugenge
849,65,1247,13953,14,25,8,Nyarugenge
243,70,2765,8262,10,39,5,Gasabo
880,76,869,5032,29,26,5,Nyarugenge
842,47,1519,18556,4,27,5,Nyarugenge
406,93,1183,12489,25,49,5,Nyarugenge
501,89,2893,6637,28,21,8,Nyarugenge
280,74,1904,12999,12,41,8,Nyarugenge
85,14,621,5110,25,43,5,Nyarugenge
449,52,1939,5266,20,54,1,Gasabo
726,86,2079,8026,1,38,9,Nyarugenge
504,45,2696,12644,11,49,6,Nyarugenge
155,87,806,13594,24,57,5,Nyarugenge
527,83,1284,9869,6,46,4,Nyarugenge
741,55,1567,6838,18,42,8,Nyarugenge
520,25,939,11670,9,21,1,Nyarugenge
879,90,2026,7980,23,41,3,Nyarugenge
432,60,2289,7592,11,32,2,Nyarugenge
924,28,1596,16432,24,25,4,Nyarugenge
394,65,1787,8759,22,23,1,Nyarugenge
333,33,1137,17121,25,55,9,Nyarugenge
178,10,2007,10887,11,35,7,Nyarugenge
314,42,2663,5081,14,43,9,Nyarugenge
416,31,1124,7086,26,20,7,Nyarugenge
318,17,2908,10276,29,22,3,Nyarugenge
450,51,1738,14669,4,24,7,Nyarugenge
905,13,2043,10658,0,27,7,Nyarugenge
760,54,2107,5401,5,23,7,Nyarugenge
472,92,2219,15696,11,51,2,Nyarugenge
707,61,2146,7022,12,46,1,Nyarugenge
859,67,1892,8967,24,26,4,Kicukiro
215,98,2214,13086,10,21,9,Nyarugenge
190,33,1757,13950,26,28,4,Nyarugenge
82,85,2916,16281,7,42,9,Nyarugenge
189,79,2704,11936,9,31,5,Nyarugenge
196,68,766,11537,23,20,7,Nyarugenge
432,15,1393,11229,23,44,2,Nyarugenge
210,56,2394,5448,9,33,8,Nyarugenge
951,50,1977,9359,25,44,4,Nyarugenge
829,28,2453,5881,20,58,2,Nyarugenge
131,95,2152,7389,20,47,4,Nyarugenge
522,23,2839,12454,0,45,1,Nyarugenge
305,83,629,11982,4,24,6,Nyarugenge
484,85,1381,8243,5,50,5,Nyarugenge
896,14,1092,6937,16,32,5,Nyarugenge
787,68,572,5321,24,36,6,Nyarugenge
15,33,1084,14367,15,27,6,Nyarugenge
560,91,2014,18102,20,56,1,Nyarugenge
451,85,1605,18825,15,54,8,Nyarugenge
104,90,2843,9898,3,50,2,Nyarugenge
173,71,1153,17477,7,47,1,Nyarugenge
663,12,1621,15757,21,43,3,Nyarugenge
264,44,1202,17143,14,50,8,Nyarugenge
517,62,620,18309,14,39,6,Nyarugenge
472,57,2583,13165,23,50,5,Nyarugenge
862,15,1617,10463,15,58,7,Nyarugenge
547,37,1960,6967,0,25,8,Nyarugenge
680,17,2628,11805,14,56,1,Nyarugenge
201,19,2457,8409,27,31,4,Nyarugenge
207,10,1972,6772,17,57,1,Nyarugenge
867,89,2958,7499,19,37,1,Nyarugenge
415,97,2334,11842,12,29,9,Nyarugenge
121,96,2431,14530,0,55,1,Nyarugenge
701,48,2136,17743,28,42,3,Nyarugenge
436,32,1054,10757,19,48,3,Nyarugenge
316,67,1148,19165,7,59,2,Nyarugenge
554,40,1913,17855,22,48,2,Nyarugenge
737,98,1935,9163,21,22,6,Nyarugenge
580,10,1416,16053,1,52,1,Nyarugenge
168,34,1742,19235,9,34,3,Nyarugenge
430,87,2360,5117,14,55,9,Gasabo
909,75,1619,11031,7,48,3,Nyarugenge
989,21,2904,10414,22,35,3,Nyarugenge
38,19,1551,7497,23,47,1,Nyarugenge
467,58,1773,18087,25,37,4,Nyarugenge
180,52,2036,14744,18,59,4,Nyarugenge
376,20,2386,10919,14,58,4,Nyarugenge
85,72,1765,5630,14,23,5,Nyarugenge
70,16,1067,16223,20,38,7,Nyarugenge
274,85,841,16817,11,35,3,Nyarugenge
317,36,894,19008,6,29,4,Nyarugenge
774,17,1000,10331,26,53,5,Nyarugenge
242,93,604,9742,21,51,6,Nyarugenge
986,63,2227,19528,24,46,8,Nyarugenge
371,91,1572,12070,5,47,9,Nyarugenge
400,94,2301,8241,10,38,8,Nyarugenge
110,93,1952,18457,3,55,8,Nyarugenge
403,69,769,9645,22,40,8,Nyarugenge
626,15,2994,17447,16,48,7,Nyarugenge
306,45,2527,15679,6,25,3,Nyarugenge
959,88,636,9368,16,46,3,Nyarugenge
605,66,2136,19566,22,50,7,Nyarugenge
159,19,2705,13112,5,55,3,Nyarugenge
88,95,766,14167,9,26,4,Nyarugenge
214,43,568,16020,18,45,4,Nyarugenge
798,32,2009,8400,10,51,5,Nyarugenge
359,74,1162,15520,2,21,4,Nyarugenge
258,13,1970,12852,3,39,6,Nyarugenge
225,29,934,16967,22,49,6,Nyarugenge
729,62,1251,18810,21,32,3,Nyarugenge
762,62,1071,14056,7,23,4,Gasabo
827,84,2724,8588,26,33,9,Nyarugenge
11,51,2952,6281,5,20,2,Nyarugenge
214,28,1433,8126,25,47,5,Nyarugenge
920,83,1713,7933,12,57,7,Nyarugenge
792,33,1520,9517,8,56,9,Nyarugenge
192,33,1376,15517,27,20,2,Nyarugenge
236,57,1458,8646,16,44,6,Gasabo
922,10,1501,17744,25,45,4,Nyarugenge
146,46,2839,9159,22,33,2,Nyarugenge
615,27,716,13706,16,31,6,Nyarugenge
153,16,1703,18563,0,21,1,Gasabo
699,68,786,10007,14,59,2,Nyarugenge
101,74,2717,7797,14,47,3,Nyarugenge
808,38,2281,10934,25,27,3,Nyarugenge
468,42,1660,9742,9,38,3,Nyarugenge
46,35,2048,14845,14,57,1,Nyarugenge
124,41,1806,6563,6,48,1,Nyarugenge
945,12,1851,5668,13,27,5,Nyarugenge
208,37,2399,8875,22,41,8,Nyarugenge
345,71,613,12105,5,34,5,Nyarugenge
827,42,1258,18678,15,49,5,Nyarugenge
800,15,932,18338,8,55,5,Nyarugenge
189,64,2842,17984,5,38,8,Nyarugenge
456,52,1925,10310,27,56,4,Nyarugenge
70,75,1826,10271,17,28,9,Nyarugenge
714,10,1627,5706,10,25,1,Nyarugenge
329,13,857,10097,12,46,8,Nyarugenge
275,74,1276,18896,5,49,7,Nyarugenge
944,36,752,6316,1,44,5,Nyarugenge
263,20,1670,15694,7,24,9,Nyarugenge
282,73,2493,19292,28,55,6,Nyarugenge
968,99,1262,18106,23,27,8,Nyarugenge
472,11,1597,17003,19,21,5,Nyarugenge
944,50,2066,10115,6,33,1,Nyarugenge
436,82,2494,10390,20,46,5,Nyarugenge
700,92,597,17008,26,59,2,Nyarugenge
169,59,1324,16243,7,54,1,Nyarugenge
72,99,609,14189,9,51,5,Nyarugenge
135,99,1782,6690,29,22,7,Nyarugenge
501,45,1029,6502,20,52,4,Nyarugenge
6,61,1160,5019,23,48,9,Nyarugenge
443,95,2951,7195,11,34,2,Nyarugenge
842,48,2914,13909,4,58,9,Nyarugenge
614,31,1171,11857,26,35,8,Nyarugenge
420,54,2607,12140,21,50,9,Nyarugenge
162,21,987,5658,8,42,6,Nyarugenge
698,88,2267,12544,4,45,4,Nyarugenge
61,62,2209,17524,28,20,5,Nyarugenge
577,57,551,8807,13,44,1,Nyarugenge
404,67,2772,19310,11,25,1,Nyarugenge
719,39,1883,18554,1,57,2,Nyarugenge
465,16,2327,9338,8,58,3,Nyarugenge
733,94,2736,13129,28,49,5,Gasabo
609,47,1015,7242,1,33,9,Nyarugenge
330,37,616,11354,6,49,7,Nyarugenge
8,43,2327,13198,27,21,7,Nyarugenge
897,63,2282,16020,20,58,7,Gasabo
350,55,1311,6211,14,38,4,Nyarugenge
527,38,1155,10934,19,48,1,Nyarugenge
518,41,1571,11255,13,29,1,Nyarugenge
854,85,2681,6325,14,50,9,Nyarugenge
521,46,513,15089,6,43,3,Nyarugenge
49,53,2210,15786,24,31,6,Nyarugenge
953,32,1645,16560,4,30,1,Nyarugenge
580,33,2697,17995,16,36,5,Nyarugenge
688,69,1537,7322,3,24,8,Nyarugenge
587,13,686,17725,7,35,4,Nyarugenge
476,22,832,15758,3,52,6,Nyarugenge
467,42,637,12529,19,30,7,Nyarugenge
447,94,2763,15798,23,23,8,Nyarugenge
658,88,2222,18171,27,48,7,Nyarugenge
923,94,1367,12086,18,57,9,Nyarugenge
192,27,687,6716,3,27,3,Nyarugenge
26,42,2459,12817,21,21,9,Nyarugenge
921,73,2820,7408,18,44,3,Nyarugenge
517,37,543,12363,2,47,5,Nyarugenge
948,78,1399,9952,29,30,7,Nyarugenge
620,76,1147,8559,21,48,7,Nyarugenge
507,67,2730,16905,12,49,5,Nyarugenge
90,43,608,18806,13,23,8,Nyarugenge
68,40,2195,18095,21,40,5,Nyarugenge
255,80,2670,5412,10,33,5,Nyarugenge
789,38,1869,8310,5,26,8,Nyarugenge
395,88,1249,5283,18,24,2,Nyarugenge
990,62,1067,11573,9,44,9,Nyarugenge
950,61,1493,17621,28,51,2,Nyarugenge
518,27,2824,19353,26,22,7,Nyarugenge
708,41,2184,14036,23,53,1,Nyarugenge
881,18,2825,10180,21,28,8,Nyarugenge
441,58,2864,8162,2,30,4,Nyarugenge
74,60,744,14739,28,41,6,Nyarugenge
830,55,895,13843,22,34,5,Nyarugenge
907,99,798,16197,10,25,1,Nyarugenge
267,74,2606,15912,24,20,4,Nyarugenge
531,86,1390,10837,27,20,9,Nyarugenge
962,19,2170,5903,0,34,5,Nyarugenge
429,42,1338,7077,21,43,9,Nyarugenge
590,94,2346,10733,27,47,9,Nyarugenge
503,71,2500,10203,8,23,6,Nyarugenge
556,46,2795,10441,17,32,1,Nyarugenge
524,69,1234,10496,13,48,2,Nyarugenge
411,45,1839,5213,20,28,5,Kicukiro
989,35,2354,9164,22,37,4,Nyarugenge
505,23,2539,12919,7,24,7,Nyarugenge
649,30,2219,8094,19,52,2,Nyarugenge
861,39,2205,14464,29,41,5,Nyarugenge
563,79,2767,5988,20,59,6,Nyarugenge
886,41,1196,10649,3,53,2,Nyarugenge
998,26,2861,15827,24,20,1,Nyarugenge
825,42,2933,19415,25,43,3,Nyarugenge
670,70,2056,6220,8,23,3,Nyarugenge
457,17,1069,15275,28,49,5,Nyarugenge
304,32,2414,18642,10,20,1,Nyarugenge
418,56,1540,17960,24,38,4,Nyarugenge
135,26,1591,11040,20,33,3,Nyarugenge
920,83,1782,8815,11,51,5,Nyarugenge
19,66,541,17980,8,27,5,Nyarugenge
259,73,1698,13498,15,32,6,Nyarugenge
994,65,1614,10405,20,39,6,Nyarugenge
168,47,1493,7777,7,26,7,Nyarugenge
591,57,2848,6568,21,32,8,Nyarugenge
398,41,1284,13951,3,22,2,Nyarugenge
640,15,2374,5463,24,34,3,Nyarugenge
456,44,2328,5473,13,47,6,Nyarugenge
996,82,2787,16207,24,51,7,Nyarugenge
417,92,1775,5870,23,35,3,Nyarugenge
960,36,2282,18427,9,26,3,Gasabo
705,43,1755,10771,24,35,4,Nyarugenge
902,75,1834,10228,6,56,1,Nyarugenge
287,14,2840,18066,2,59,2,Nyarugenge
814,73,1350,16096,25,52,4,Nyarugenge
285,22,1975,18053,18,50,6,Nyarugenge
775,57,2153,13101,5,56,3,Nyarugenge
667,60,1111,13674,14,32,4,Nyarugenge
393,16,2629,10748,11,59,6,Nyarugenge
325,92,2784,7466,8,21,3,Nyarugenge
331,93,516,12894,20,28,4,Nyarugenge
147,14,1797,13743,0,53,7,Nyarugenge
567,34,1149,15699,3,45,6,Nyarugenge
145,39,1899,13168,12,28,9,Kicukiro
456,70,1871,17876,12,50,1,Gasabo
33,64,960,14007,6,49,6,Nyarugenge
407,61,1969,9965,14,38,5,Nyarugenge
357,66,2974,14903,16,50,2,Nyarugenge
861,58,2192,9930,5,52,7,Nyarugenge
41,18,1531,10718,24,47,1,Nyarugenge
710,51,1043,13254,12,22,3,Gasabo
359,41,2006,19414,14,30,4,Nyarugenge
955,36,1119,5550,20,38,8,Nyarugenge
801,12,862,16881,10,52,5,Nyarugenge
789,87,2926,13003,0,29,2,Nyarugenge
188,91,664,15006,25,24,5,Nyarugenge
15,38,1586,7065,10,29,8,Nyarugenge
145,86,2456,10021,28,47,8,Nyarugenge
178,84,2226,15534,26,47,8,Nyarugenge
956,84,1600,18699,9,40,8,Nyarugenge
765,52,1367,7711,24,20,2,Nyarugenge
994,78,1533,8646,6,32,1,Nyarugenge
888,75,2759,17836,15,48,4,Nyarugenge
895,72,1417,7694,4,41,7,Nyarugenge
969,83,1701,8892,28,24,6,Nyarugenge
343,90,1276,14613,7,46,9,Nyarugenge
610,49,2019,5966,0,24,8,Nyarugenge
471,32,1818,14872,12,21,8,Nyarugenge
201,58,1780,16271,14,30,1,Nyarugenge
84,46,1802,19916,8,33,6,Nyarugenge
254,48,2137,17365,17,24,4,Nyarugenge
543,85,2114,10868,2,55,3,Nyarugenge
288,19,2260,8267,26,39,9,Nyarugenge
667,13,1673,13793,20,25,3,Nyarugenge
778,41,2487,15625,23,32,6,Nyarugenge
388,28,1890,15316,11,29,6,Nyarugenge
898,78,633,10765,1,24,8,Nyarugenge
895,39,622,8951,25,31,9,Nyarugenge
154,92,1419,16908,27,46,2,Nyarugenge
315,86,2731,17780,0,42,8,Nyarugenge
321,28,759,15166,0,45,4,Nyarugenge
877,47,2883,18160,9,49,8,Nyarugenge
187,70,2041,9625,0,38,9,Nyarugenge
44,46,2026,12180,18,53,2,Nyarugenge
624,91,2374,8325,20,49,4,Nyarugenge
863,95,834,14728,19,54,7,Nyarugenge
784,48,1136,12692,8,37,6,Nyarugenge
36,31,1097,13618,12,25,8,Nyarugenge
818,10,1480,11267,0,34,8,Nyarugenge
801,97,1570,9678,3,46,8,Nyarugenge
997,30,1738,9499,14,44,7,Kicukiro
764,77,2004,9186,18,26,2,Nyarugenge
703,97,1313,15367,25,42,3,Nyarugenge
472,29,1933,10445,29,52,1,Nyarugenge
131,70,2216,19976,18,39,1,Nyarugenge
219,56,2657,11467,9,47,9,Nyarugenge
181,16,1874,9744,8,55,1,Nyarugenge
144,45,2462,10165,27,46,5,Nyarugenge
30,95,1454,9093,21,59,5,Nyarugenge
788,28,1271,16464,9,59,5,Nyarugenge
193,67,2506,18105,8,24,3,Nyarugenge
853,83,1017,19828,12,48,7,Nyarugenge
463,79,2540,6615,9,37,3,Nyarugenge
750,58,1026,19584,0,47,2,Nyarugenge
555,55,2302,10162,24,56,6,Nyarugenge
953,85,938,14880,3,55,9,Nyarugenge
678,87,1494,7223,9,48,2,Nyarugenge
994,59,2494,7654,5,33,8,Nyarugenge
799,96,1888,16124,4,31,2,Nyarugenge
466,18,2664,19491,17,37,2,Nyarugenge
71,71,592,11255,10,28,9,Nyarugenge
66,40,2322,18217,1,56,1,Nyarugenge
772,33,1268,17616,22,41,3,Nyarugenge
788,13,2504,13162,3,37,5,Nyarugenge
787,43,1354,9744,19,24,6,Nyarugenge
546,89,2724,11371,8,35,2,Nyarugenge
541,30,2539,16968,5,41,9,Nyarugenge
902,50,771,7012,16,21,1,Nyarugenge
544,92,1512,18683,16,42,5,Nyarugenge
610,67,2587,11117,28,25,5,Nyarugenge
714,21,2757,12047,6,35,9,Nyarugenge
482,23,1896,12188,21,57,3,Nyarugenge
523,81,2313,14016,18,45,8,Nyarugenge
605,25,2138,18123,24,51,5,Nyarugenge
55,47,2973,13063,12,45,7,Gasabo
973,61,1602,15932,18,35,1,Nyarugenge
